patch,sampling_period,quadrat,blade_num,height_cm,notes
74Tall,0,T1Q1,,6.6,
74Tall,0,T1Q1,,6.8,
74Tall,0,T1Q1,,5.2,
74Tall,0,T1Q1,,7.3,
74Tall,0,T1Q1,,5.5,
74Tall,0,T1Q2,,6.5,
74Tall,0,T1Q2,,7.9,
74Tall,0,T1Q2,,6.5,
74Tall,0,T1Q2,,5.1,
74Tall,0,T1Q2,,4.3,
74Tall,0,T1Q3,,3.4,
74Tall,0,T1Q3,,3.4,
74Tall,0,T1Q3,,3.6,
74Tall,0,T1Q3,,3.9,
74Tall,0,T1Q3,,1.2,
74Tall,0,T2Q1,,11.3,
74Tall,0,T2Q1,,14.8,
74Tall,0,T2Q1,,15.5,
74Tall,0,T2Q1,,13.8,
74Tall,0,T2Q1,,11.4,
74Tall,0,T2Q2,,4.6,
74Tall,0,T2Q2,,6.7,
74Tall,0,T2Q2,,7.1,
74Tall,0,T2Q2,,7.8,
74Tall,0,T2Q2,,7.3,
74Tall,0,T2Q3,,13,
74Tall,0,T2Q3,,15,
74Tall,0,T2Q3,,4.7,
74Tall,0,T2Q3,,11.3,
74Tall,0,T2Q3,,5.1,
74Tall,0,T3Q1,,6.5,
74Tall,0,T3Q1,,6.7,
74Tall,0,T3Q1,,7,
74Tall,0,T3Q1,,7.2,
74Tall,0,T3Q1,,7.8,
74Tall,0,T3Q2,,10.2,
74Tall,0,T3Q2,,9.3,
74Tall,0,T3Q2,,6.7,
74Tall,0,T3Q2,,8.7,
74Tall,0,T3Q2,,9.1,
74Tall,0,T3Q3,,NA,no shoots at quadrat
74Tall,0,T3Q3,,NA,no shoots at quadrat
74Tall,0,T3Q3,,NA,no shoots at quadrat
74Tall,0,T3Q3,,NA,no shoots at quadrat
74Tall,0,T3Q3,,NA,no shoots at quadrat
Lakeisha,0,T1Q1,,24.5,
Lakeisha,0,T1Q1,,32.9,
Lakeisha,0,T1Q1,,25.5,
Lakeisha,0,T1Q1,,19.4,
Lakeisha,0,T1Q1,,28.3,
Lakeisha,0,T1Q2,,14.7,
Lakeisha,0,T1Q2,,14.2,
Lakeisha,0,T1Q2,,14,
Lakeisha,0,T1Q2,,13.9,
Lakeisha,0,T1Q2,,10.2,
Lakeisha,0,T1Q3,,8.2,
Lakeisha,0,T1Q3,,9.1,
Lakeisha,0,T1Q3,,9.5,
Lakeisha,0,T1Q3,,13.6,
Lakeisha,0,T1Q3,,10.9,
Lakeisha,0,T2Q1,,19.7,
Lakeisha,0,T2Q1,,14.2,
Lakeisha,0,T2Q1,,10,
Lakeisha,0,T2Q1,,13.6,
Lakeisha,0,T2Q1,,21.2,
Lakeisha,0,T2Q2,,12,
Lakeisha,0,T2Q2,,14.8,
Lakeisha,0,T2Q2,,15.2,
Lakeisha,0,T2Q2,,12.6,
Lakeisha,0,T2Q2,,12.9,
Lakeisha,0,T2Q3,,5.9,
Lakeisha,0,T2Q3,,7.3,
Lakeisha,0,T2Q3,,12.1,
Lakeisha,0,T2Q3,,6.8,
Lakeisha,0,T2Q3,,10.5,
Lakeisha,0,T3Q1,,24.8,
Lakeisha,0,T3Q1,,13.6,
Lakeisha,0,T3Q1,,16.4,
Lakeisha,0,T3Q1,,23.3,
Lakeisha,0,T3Q1,,14.3,
Lakeisha,0,T3Q2,,11.2,
Lakeisha,0,T3Q2,,11.5,
Lakeisha,0,T3Q2,,12.3,
Lakeisha,0,T3Q2,,11.1,
Lakeisha,0,T3Q2,,10.9,
Lakeisha,0,T3Q3,,11,
Lakeisha,0,T3Q3,,8.3,
Lakeisha,0,T3Q3,,6.9,
Lakeisha,0,T3Q3,,9,
Lakeisha,0,T3Q3,,8.2,
96,0,T1Q1,,16.2,
96,0,T1Q1,,23.1,
96,0,T1Q1,,20,
96,0,T1Q1,,19.8,
96,0,T1Q1,,18.5,
96,0,T1Q2,,10.4,
96,0,T1Q2,,9.7,
96,0,T1Q2,,11.2,
96,0,T1Q2,,12.1,
96,0,T1Q2,,14.2,
96,0,T1Q3,,5.2,
96,0,T1Q3,,8.2,
96,0,T1Q3,,8,
96,0,T1Q3,,6.5,
96,0,T1Q3,,6.3,
96,0,T2Q1,,22.3,
96,0,T2Q1,,17.7,
96,0,T2Q1,,15.7,
96,0,T2Q1,,18.1,
96,0,T2Q1,,16.2,
96,0,T2Q2,,11,
96,0,T2Q2,,9.4,
96,0,T2Q2,,8.3,
96,0,T2Q2,,10.3,
96,0,T2Q2,,8.8,
96,0,T2Q3,,7.8,
96,0,T2Q3,,6.4,
96,0,T2Q3,,6.7,
96,0,T2Q3,,8.5,
96,0,T2Q3,,9.1,
96,0,T3Q1,,15.1,
96,0,T3Q1,,12,
96,0,T3Q1,,11.5,
96,0,T3Q1,,17.1,
96,0,T3Q1,,18.5,
96,0,T3Q2,,13.5,
96,0,T3Q2,,10.1,
96,0,T3Q2,,10.5,
96,0,T3Q2,,10.7,
96,0,T3Q2,,11,
96,0,T3Q3,,10.6,
96,0,T3Q3,,10.1,
96,0,T3Q3,,6.2,
96,0,T3Q3,,6.9,
96,0,T3Q3,,6.7,
LS02,0,T1Q1,,10.9,
LS02,0,T1Q1,,7.2,
LS02,0,T1Q1,,12.5,
LS02,0,T1Q1,,20.4,
LS02,0,T1Q1,,13,
LS02,0,T1Q2,,7,
LS02,0,T1Q2,,7.9,
LS02,0,T1Q2,,6.3,
LS02,0,T1Q2,,8,
LS02,0,T1Q2,,7.3,
LS02,0,T1Q3,,8.3,
LS02,0,T1Q3,,6.1,
LS02,0,T1Q3,,6.6,
LS02,0,T1Q3,,6.7,
LS02,0,T1Q3,,4.6,
LS02,0,T2Q1,,13.5,
LS02,0,T2Q1,,10.4,
LS02,0,T2Q1,,11.1,
LS02,0,T2Q1,,13.5,
LS02,0,T2Q1,,13.5,
LS02,0,T2Q2,,7.9,
LS02,0,T2Q2,,9.1,
LS02,0,T2Q2,,8.9,
LS02,0,T2Q2,,10.4,
LS02,0,T2Q2,,13.2,
LS02,0,T2Q3,,7.4,
LS02,0,T2Q3,,7.3,
LS02,0,T2Q3,,7.2,
LS02,0,T2Q3,,6.8,
LS02,0,T2Q3,,6,
LS02,0,T3Q1,,24.4,
LS02,0,T3Q1,,11.8,
LS02,0,T3Q1,,12.3,
LS02,0,T3Q1,,17.1,
LS02,0,T3Q1,,8.8,
LS02,0,T3Q2,,17.3,
LS02,0,T3Q2,,10.2,
LS02,0,T3Q2,,11.5,
LS02,0,T3Q2,,12.5,
LS02,0,T3Q2,,12.5,
LS02,0,T3Q3,,10.5,
LS02,0,T3Q3,,9,
LS02,0,T3Q3,,11.6,
LS02,0,T3Q3,,9.2,
LS02,0,T3Q3,,10.5,
Biscuit,0,T1Q1,,9.6,
Biscuit,0,T1Q1,,14.4,
Biscuit,0,T1Q1,,14.7,
Biscuit,0,T1Q1,,16.3,
Biscuit,0,T1Q1,,10.4,
Biscuit,0,T1Q2,,12.6,
Biscuit,0,T1Q2,,11.6,
Biscuit,0,T1Q2,,9.7,
Biscuit,0,T1Q2,,6.3,
Biscuit,0,T1Q2,,11.6,
Biscuit,0,T1Q3,,8.2,
Biscuit,0,T1Q3,,10,
Biscuit,0,T1Q3,,8.6,
Biscuit,0,T1Q3,,7.6,
Biscuit,0,T1Q3,,6.9,
Biscuit,0,T2Q1,,9.8,
Biscuit,0,T2Q1,,11,
Biscuit,0,T2Q1,,14.4,
Biscuit,0,T2Q1,,10.9,
Biscuit,0,T2Q1,,14.6,
Biscuit,0,T2Q2,,4.8,
Biscuit,0,T2Q2,,7.6,
Biscuit,0,T2Q2,,5.6,
Biscuit,0,T2Q2,,5.6,
Biscuit,0,T2Q2,,5.7,
Biscuit,0,T2Q3,,6.7,
Biscuit,0,T2Q3,,8.5,
Biscuit,0,T2Q3,,7.2,
Biscuit,0,T2Q3,,8.1,
Biscuit,0,T2Q3,,8.2,
Biscuit,0,T3Q1,,19.6,
Biscuit,0,T3Q1,,13.3,
Biscuit,0,T3Q1,,18,
Biscuit,0,T3Q1,,21.1,
Biscuit,0,T3Q1,,18.4,
Biscuit,0,T3Q2,,10.1,
Biscuit,0,T3Q2,,11.2,
Biscuit,0,T3Q2,,9.5,
Biscuit,0,T3Q2,,5.3,
Biscuit,0,T3Q2,,4,
Biscuit,0,T3Q3,,9.5,
Biscuit,0,T3Q3,,12.2,
Biscuit,0,T3Q3,,9.6,
Biscuit,0,T3Q3,,11.5,
Biscuit,0,T3Q3,,9,
76S,0,T1Q1,,23.4,
76S,0,T1Q1,,12.4,
76S,0,T1Q1,,22.8,
76S,0,T1Q1,,21.7,
76S,0,T1Q1,,16.3,
76S,0,T1Q2,,13.1,
76S,0,T1Q2,,14.6,
76S,0,T1Q2,,17,
76S,0,T1Q2,,10.6,
76S,0,T1Q2,,12.8,
76S,0,T1Q3,,18.8,
76S,0,T1Q3,,12.1,
76S,0,T1Q3,,8.8,
76S,0,T1Q3,,10,
76S,0,T1Q3,,10.6,
76S,0,T2Q1,,19.1,
76S,0,T2Q1,,22.3,
76S,0,T2Q1,,19.2,
76S,0,T2Q1,,14.2,
76S,0,T2Q1,,23.1,
76S,0,T2Q2,,7.8,
76S,0,T2Q2,,12.4,
76S,0,T2Q2,,8.5,
76S,0,T2Q2,,12.6,
76S,0,T2Q2,,10.6,
76S,0,T2Q3,,10,
76S,0,T2Q3,,9.3,
76S,0,T2Q3,,7.1,
76S,0,T2Q3,,7.9,
76S,0,T2Q3,,7.1,
76S,0,T3Q1,,21.6,
76S,0,T3Q1,,14.1,
76S,0,T3Q1,,15.3,
76S,0,T3Q1,,11.6,
76S,0,T3Q1,,11.5,
76S,0,T3Q2,,12,
76S,0,T3Q2,,12,
76S,0,T3Q2,,10.3,
76S,0,T3Q2,,9.6,
76S,0,T3Q2,,12,
76S,0,T3Q3,,10.4,
76S,0,T3Q3,,10.1,
76S,0,T3Q3,,9.3,
76S,0,T3Q3,,7.2,
76S,0,T3Q3,,9.4,
Shit'sCreek,0,T1Q1,,23.6,
Shit'sCreek,0,T1Q1,,18.8,
Shit'sCreek,0,T1Q1,,19.1,
Shit'sCreek,0,T1Q1,,28.5,
Shit'sCreek,0,T1Q1,,20.4,
Shit'sCreek,0,T1Q2,,10.6,
Shit'sCreek,0,T1Q2,,13.4,
Shit'sCreek,0,T1Q2,,11,
Shit'sCreek,0,T1Q2,,8.8,
Shit'sCreek,0,T1Q2,,10.9,
Shit'sCreek,0,T1Q3,,10.2,
Shit'sCreek,0,T1Q3,,9.5,
Shit'sCreek,0,T1Q3,,6.3,
Shit'sCreek,0,T1Q3,,9.8,
Shit'sCreek,0,T1Q3,,10.2,
Shit'sCreek,0,T2Q1,,13.6,
Shit'sCreek,0,T2Q1,,22.9,
Shit'sCreek,0,T2Q1,,20.1,
Shit'sCreek,0,T2Q1,,19.2,
Shit'sCreek,0,T2Q1,,16.2,
Shit'sCreek,0,T2Q2,,8.5,
Shit'sCreek,0,T2Q2,,8.4,
Shit'sCreek,0,T2Q2,,11.3,
Shit'sCreek,0,T2Q2,,15.3,
Shit'sCreek,0,T2Q2,,11,
Shit'sCreek,0,T2Q3,,6.1,
Shit'sCreek,0,T2Q3,,5.8,
Shit'sCreek,0,T2Q3,,7.1,
Shit'sCreek,0,T2Q3,,5.7,
Shit'sCreek,0,T2Q3,,5.5,
Shit'sCreek,0,T3Q1,,21.5,
Shit'sCreek,0,T3Q1,,26.2,
Shit'sCreek,0,T3Q1,,19.3,
Shit'sCreek,0,T3Q1,,15.1,
Shit'sCreek,0,T3Q1,,14.6,
Shit'sCreek,0,T3Q2,,14.8,
Shit'sCreek,0,T3Q2,,13,
Shit'sCreek,0,T3Q2,,16.2,
Shit'sCreek,0,T3Q2,,12.3,
Shit'sCreek,0,T3Q2,,13.6,
Shit'sCreek,0,T3Q3,,7.5,
Shit'sCreek,0,T3Q3,,6.9,
Shit'sCreek,0,T3Q3,,8.3,
Shit'sCreek,0,T3Q3,,7.6,
Shit'sCreek,0,T3Q3,,7.9,
Josh,0,T1Q1,,11.6,
Josh,0,T1Q1,,11.2,
Josh,0,T1Q1,,8.2,
Josh,0,T1Q1,,11.5,
Josh,0,T1Q1,,7.4,
Josh,0,T1Q2,,8.5,
Josh,0,T1Q2,,10.8,
Josh,0,T1Q2,,8.9,
Josh,0,T1Q2,,11.2,
Josh,0,T1Q2,,8.4,
Josh,0,T1Q3,,6.8,
Josh,0,T1Q3,,5.3,
Josh,0,T1Q3,,7.9,
Josh,0,T1Q3,,5.6,
Josh,0,T1Q3,,5.8,
Josh,0,T2Q1,,9.7,
Josh,0,T2Q1,,9.7,
Josh,0,T2Q1,,6.5,
Josh,0,T2Q1,,9.9,
Josh,0,T2Q1,,8.8,
Josh,0,T2Q2,,5.3,
Josh,0,T2Q2,,5.5,
Josh,0,T2Q2,,7.3,
Josh,0,T2Q2,,6.4,
Josh,0,T2Q2,,6.5,
Josh,0,T2Q3,,5,
Josh,0,T2Q3,,5.5,
Josh,0,T2Q3,,7.7,
Josh,0,T2Q3,,6.2,
Josh,0,T2Q3,,5.1,
Josh,0,T3Q1,,9.8,
Josh,0,T3Q1,,11.1,
Josh,0,T3Q1,,10.7,
Josh,0,T3Q1,,9.2,
Josh,0,T3Q1,,8.8,
Josh,0,T3Q2,,5.6,
Josh,0,T3Q2,,5.5,
Josh,0,T3Q2,,8.9,
Josh,0,T3Q2,,6.5,
Josh,0,T3Q2,,9.2,
Josh,0,T3Q3,,8.1,
Josh,0,T3Q3,,9.5,
Josh,0,T3Q3,,7.3,
Josh,0,T3Q3,,6,
Josh,0,T3Q3,,7.1,
F5Small,0,T1Q1,,14,
F5Small,0,T1Q1,,11.9,
F5Small,0,T1Q1,,14.1,
F5Small,0,T1Q1,,11.6,
F5Small,0,T1Q1,,11.7,
F5Small,0,T1Q2,,16.7,
F5Small,0,T1Q2,,7.1,
F5Small,0,T1Q2,,11,
F5Small,0,T1Q2,,9.4,
F5Small,0,T1Q2,,7.6,
F5Small,0,T1Q3,,9,
F5Small,0,T1Q3,,9.6,
F5Small,0,T1Q3,,7.6,
F5Small,0,T1Q3,,11.2,
F5Small,0,T1Q3,,9.1,
F5Small,0,T2Q1,,16.8,
F5Small,0,T2Q1,,14.7,
F5Small,0,T2Q1,,14.4,
F5Small,0,T2Q1,,11.2,
F5Small,0,T2Q1,,11.5,
F5Small,0,T2Q2,,10.3,
F5Small,0,T2Q2,,10.4,
F5Small,0,T2Q2,,10.7,
F5Small,0,T2Q2,,11.8,
F5Small,0,T2Q2,,7.6,
F5Small,0,T2Q3,,6,
F5Small,0,T2Q3,,7,
F5Small,0,T2Q3,,8.4,
F5Small,0,T2Q3,,7.3,
F5Small,0,T2Q3,,10.2,
F5Small,0,T3Q1,,11.2,
F5Small,0,T3Q1,,13.7,
F5Small,0,T3Q1,,13.3,
F5Small,0,T3Q1,,15.2,
F5Small,0,T3Q1,,12,
F5Small,0,T3Q2,,10,
F5Small,0,T3Q2,,7.2,
F5Small,0,T3Q2,,8.8,
F5Small,0,T3Q2,,8.3,
F5Small,0,T3Q2,,6.5,
F5Small,0,T3Q3,,9.9,
F5Small,0,T3Q3,,9.2,
F5Small,0,T3Q3,,7,
F5Small,0,T3Q3,,8.2,
F5Small,0,T3Q3,,8.6,
90Stop,0,T1Q1,,13.7,
90Stop,0,T1Q1,,7.6,
90Stop,0,T1Q1,,9.2,
90Stop,0,T1Q1,,9.5,
90Stop,0,T1Q1,,10.1,
90Stop,0,T1Q2,,10.1,
90Stop,0,T1Q2,,9.6,
90Stop,0,T1Q2,,12.8,
90Stop,0,T1Q2,,9.5,
90Stop,0,T1Q2,,10.1,
90Stop,0,T1Q3,,10.5,
90Stop,0,T1Q3,,6.7,
90Stop,0,T1Q3,,7.6,
90Stop,0,T1Q3,,7.4,
90Stop,0,T1Q3,,8,
90Stop,0,T2Q1,,11.8,
90Stop,0,T2Q1,,7.2,
90Stop,0,T2Q1,,9.4,
90Stop,0,T2Q1,,9.5,
90Stop,0,T2Q1,,10.4,
90Stop,0,T2Q2,,8.3,
90Stop,0,T2Q2,,18.3,
90Stop,0,T2Q2,,11.5,
90Stop,0,T2Q2,,11.6,
90Stop,0,T2Q2,,7.9,
90Stop,0,T2Q3,,8.9,
90Stop,0,T2Q3,,9.5,
90Stop,0,T2Q3,,6.4,
90Stop,0,T2Q3,,9.5,
90Stop,0,T2Q3,,5.6,
90Stop,0,T3Q1,,10.3,
90Stop,0,T3Q1,,15,
90Stop,0,T3Q1,,13.9,
90Stop,0,T3Q1,,12.6,
90Stop,0,T3Q1,,8.5,
90Stop,0,T3Q2,,6.7,
90Stop,0,T3Q2,,9.6,
90Stop,0,T3Q2,,13.3,
90Stop,0,T3Q2,,7.6,
90Stop,0,T3Q2,,5.6,
90Stop,0,T3Q3,,6.1,
90Stop,0,T3Q3,,5.6,
90Stop,0,T3Q3,,6.5,
90Stop,0,T3Q3,,6.7,
90Stop,0,T3Q3,,8.6,
57,0,T1Q1,,15.5,
57,0,T1Q1,,10.6,
57,0,T1Q1,,8.3,
57,0,T1Q1,,6.3,
57,0,T1Q1,,7.5,
57,0,T1Q2,,10.5,
57,0,T1Q2,,10,
57,0,T1Q2,,8.1,
57,0,T1Q2,,8.7,
57,0,T1Q2,,8.5,
57,0,T1Q3,,9.1,
57,0,T1Q3,,5.9,
57,0,T1Q3,,11.7,
57,0,T1Q3,,8.1,
57,0,T1Q3,,12,
57,0,T2Q1,,14.6,
57,0,T2Q1,,14.1,
57,0,T2Q1,,22.1,
57,0,T2Q1,,20.2,
57,0,T2Q1,,10.5,
57,0,T2Q2,,10.1,
57,0,T2Q2,,10.5,
57,0,T2Q2,,9.2,
57,0,T2Q2,,11.3,
57,0,T2Q2,,8.9,
57,0,T2Q3,,7.4,
57,0,T2Q3,,8.6,
57,0,T2Q3,,7.3,
57,0,T2Q3,,6.4,
57,0,T2Q3,,5.7,
57,0,T3Q1,,10,
57,0,T3Q1,,11.3,
57,0,T3Q1,,10.3,
57,0,T3Q1,,8.5,
57,0,T3Q1,,10.5,
57,0,T3Q2,,8.3,
57,0,T3Q2,,11.6,
57,0,T3Q2,,7.1,
57,0,T3Q2,,9.6,
57,0,T3Q2,,7.1,
57,0,T3Q3,,6.5,
57,0,T3Q3,,6.5,
57,0,T3Q3,,7,
57,0,T3Q3,,3.9,
57,0,T3Q3,,6.7,
Angel2,0,T1Q1,,7.5,
Angel2,0,T1Q1,,9,
Angel2,0,T1Q1,,10,
Angel2,0,T1Q1,,10.5,
Angel2,0,T1Q1,,11,
Angel2,0,T1Q2,,8.2,
Angel2,0,T1Q2,,8,
Angel2,0,T1Q2,,8.8,
Angel2,0,T1Q2,,7.3,
Angel2,0,T1Q2,,9.8,
Angel2,0,T1Q3,,8,
Angel2,0,T1Q3,,8.5,
Angel2,0,T1Q3,,5.1,
Angel2,0,T1Q3,,6.7,
Angel2,0,T1Q3,,4.9,
Angel2,0,T2Q1,,9.2,
Angel2,0,T2Q1,,9.8,
Angel2,0,T2Q1,,6.5,
Angel2,0,T2Q1,,9.5,
Angel2,0,T2Q1,,7.4,
Angel2,0,T2Q2,,7.6,
Angel2,0,T2Q2,,6.6,
Angel2,0,T2Q2,,8.3,
Angel2,0,T2Q2,,8.3,
Angel2,0,T2Q2,,8.6,
Angel2,0,T2Q3,,6.4,
Angel2,0,T2Q3,,7.1,
Angel2,0,T2Q3,,7.2,
Angel2,0,T2Q3,,5.4,
Angel2,0,T2Q3,,6.9,
Angel2,0,T3Q1,,10,
Angel2,0,T3Q1,,9.6,
Angel2,0,T3Q1,,14.4,
Angel2,0,T3Q1,,13.2,
Angel2,0,T3Q1,,9.4,
Angel2,0,T3Q2,,7.8,
Angel2,0,T3Q2,,12,
Angel2,0,T3Q2,,7.5,
Angel2,0,T3Q2,,9,
Angel2,0,T3Q2,,11.1,
Angel2,0,T3Q3,,7,
Angel2,0,T3Q3,,7.2,
Angel2,0,T3Q3,,7.6,
Angel2,0,T3Q3,,6,
Angel2,0,T3Q3,,7.5,
NF15,0,T1Q1,,17.7,
NF15,0,T1Q1,,15.6,
NF15,0,T1Q1,,14.9,
NF15,0,T1Q1,,15,
NF15,0,T1Q1,,19.4,
NF15,0,T1Q2,,11.8,
NF15,0,T1Q2,,11.1,
NF15,0,T1Q2,,11.6,
NF15,0,T1Q2,,9.5,
NF15,0,T1Q2,,7.4,
NF15,0,T1Q3,,9.5,
NF15,0,T1Q3,,10.3,
NF15,0,T1Q3,,11.4,
NF15,0,T1Q3,,9.1,
NF15,0,T1Q3,,10.2,
NF15,0,T2Q1,,13.2,
NF15,0,T2Q1,,14,
NF15,0,T2Q1,,17,
NF15,0,T2Q1,,13.3,
NF15,0,T2Q1,,7.2,
NF15,0,T2Q2,,17.7,
NF15,0,T2Q2,,15.6,
NF15,0,T2Q2,,14.1,
NF15,0,T2Q2,,11.8,
NF15,0,T2Q2,,15,
NF15,0,T2Q3,,3.6,
NF15,0,T2Q3,,6,
NF15,0,T2Q3,,8.4,
NF15,0,T2Q3,,7,
NF15,0,T2Q3,,12.2,
NF15,0,T3Q1,,19.8,
NF15,0,T3Q1,,29.5,
NF15,0,T3Q1,,18,
NF15,0,T3Q1,,19.1,
NF15,0,T3Q1,,17.5,
NF15,0,T3Q2,,17,
NF15,0,T3Q2,,9.6,
NF15,0,T3Q2,,21,
NF15,0,T3Q2,,13,
NF15,0,T3Q2,,20.5,
NF15,0,T3Q3,,5.6,
NF15,0,T3Q3,,8,
NF15,0,T3Q3,,9,
NF15,0,T3Q3,,10.3,
NF15,0,T3Q3,,8.3,
Montreal,0,T1Q1,,9,
Montreal,0,T1Q1,,4.5,
Montreal,0,T1Q1,,6.1,
Montreal,0,T1Q1,,5.1,
Montreal,0,T1Q1,,6.7,
Montreal,0,T1Q2,,5.5,
Montreal,0,T1Q2,,5.8,
Montreal,0,T1Q2,,6.7,
Montreal,0,T1Q2,,5.3,
Montreal,0,T1Q2,,4.9,
Montreal,0,T1Q3,,3.4,
Montreal,0,T1Q3,,3.5,
Montreal,0,T1Q3,,4.9,
Montreal,0,T1Q3,,2.7,
Montreal,0,T1Q3,,3.5,
Montreal,0,T2Q1,,14.8,
Montreal,0,T2Q1,,7,
Montreal,0,T2Q1,,14,
Montreal,0,T2Q1,,12,
Montreal,0,T2Q1,,12,
Montreal,0,T2Q2,,9.3,
Montreal,0,T2Q2,,6.6,
Montreal,0,T2Q2,,7.5,
Montreal,0,T2Q2,,6.5,
Montreal,0,T2Q2,,8.6,
Montreal,0,T2Q3,,4.6,
Montreal,0,T2Q3,,8.1,
Montreal,0,T2Q3,,7.9,
Montreal,0,T2Q3,,7.3,
Montreal,0,T2Q3,,3.4,
Montreal,0,T3Q1,,7,
Montreal,0,T3Q1,,8.5,
Montreal,0,T3Q1,,8.6,
Montreal,0,T3Q1,,7.2,
Montreal,0,T3Q1,,6.5,
Montreal,0,T3Q2,,5.2,
Montreal,0,T3Q2,,6.4,
Montreal,0,T3Q2,,5.7,
Montreal,0,T3Q2,,6.3,
Montreal,0,T3Q2,,4.5,
Montreal,0,T3Q3,,9.4,
Montreal,0,T3Q3,,8.7,
Montreal,0,T3Q3,,8.2,
Montreal,0,T3Q3,,6.5,
Montreal,0,T3Q3,,5.7,
Vancouver,0,T1Q1,,14,
Vancouver,0,T1Q1,,30.5,
Vancouver,0,T1Q1,,30,
Vancouver,0,T1Q1,,28.2,
Vancouver,0,T1Q1,,28.5,
Vancouver,0,T1Q2,,17.2,
Vancouver,0,T1Q2,,12,
Vancouver,0,T1Q2,,21.6,
Vancouver,0,T1Q2,,20.5,
Vancouver,0,T1Q2,,21,
Vancouver,0,T1Q3,,8.2,
Vancouver,0,T1Q3,,7.8,
Vancouver,0,T1Q3,,6.5,
Vancouver,0,T1Q3,,7.4,
Vancouver,0,T1Q3,,8.6,
Vancouver,0,T2Q1,,15.6,
Vancouver,0,T2Q1,,17.4,
Vancouver,0,T2Q1,,19.8,
Vancouver,0,T2Q1,,21,
Vancouver,0,T2Q1,,21,
Vancouver,0,T2Q2,,16.7,
Vancouver,0,T2Q2,,14.4,
Vancouver,0,T2Q2,,14.6,
Vancouver,0,T2Q2,,18.2,
Vancouver,0,T2Q2,,16.3,
Vancouver,0,T2Q3,,10.6,
Vancouver,0,T2Q3,,10,
Vancouver,0,T2Q3,,7.2,
Vancouver,0,T2Q3,,8.1,
Vancouver,0,T2Q3,,9.8,
Vancouver,0,T3Q1,,24.3,
Vancouver,0,T3Q1,,16.3,
Vancouver,0,T3Q1,,28.1,
Vancouver,0,T3Q1,,17.6,
Vancouver,0,T3Q1,,31.3,
Vancouver,0,T3Q2,,12.6,
Vancouver,0,T3Q2,,17,
Vancouver,0,T3Q2,,9.6,
Vancouver,0,T3Q2,,19.5,
Vancouver,0,T3Q2,,11,
Vancouver,0,T3Q3,,10.7,
Vancouver,0,T3Q3,,10.1,
Vancouver,0,T3Q3,,10.7,
Vancouver,0,T3Q3,,10.3,
Vancouver,0,T3Q3,,10.1,
FFA,0,T1Q1,,8.9,
FFA,0,T1Q1,,8,
FFA,0,T1Q1,,7.1,
FFA,0,T1Q1,,7.9,
FFA,0,T1Q1,,8.4,
FFA,0,T1Q2,,6.5,
FFA,0,T1Q2,,8.2,
FFA,0,T1Q2,,5.6,
FFA,0,T1Q2,,12.1,
FFA,0,T1Q2,,8,
FFA,0,T1Q3,,5.4,
FFA,0,T1Q3,,7.7,
FFA,0,T1Q3,,7.3,
FFA,0,T1Q3,,7.6,
FFA,0,T1Q3,,6.4,
FFA,0,T2Q1,,16.4,
FFA,0,T2Q1,,7.5,
FFA,0,T2Q1,,13.5,
FFA,0,T2Q1,,7.2,
FFA,0,T2Q1,,12.2,
FFA,0,T2Q2,,6.2,
FFA,0,T2Q2,,9.6,
FFA,0,T2Q2,,5.3,
FFA,0,T2Q2,,7.8,
FFA,0,T2Q2,,7.3,
FFA,0,T2Q3,,8.6,
FFA,0,T2Q3,,7.7,
FFA,0,T2Q3,,9.3,
FFA,0,T2Q3,,6.7,
FFA,0,T2Q3,,8.8,
FFA,0,T3Q1,,16,
FFA,0,T3Q1,,15.1,
FFA,0,T3Q1,,13,
FFA,0,T3Q1,,12.9,
FFA,0,T3Q1,,13.5,
FFA,0,T3Q2,,11.4,
FFA,0,T3Q2,,9.6,
FFA,0,T3Q2,,11.7,
FFA,0,T3Q2,,8.8,
FFA,0,T3Q2,,8.5,
FFA,0,T3Q3,,8.6,
FFA,0,T3Q3,,12.5,
FFA,0,T3Q3,,9.2,
FFA,0,T3Q3,,12.5,
FFA,0,T3Q3,,4.9,
New2,0,T1Q1,,8,
New2,0,T1Q1,,23.6,
New2,0,T1Q1,,14.1,
New2,0,T1Q1,,11.3,
New2,0,T1Q1,,14,
New2,0,T1Q2,,12.6,
New2,0,T1Q2,,8,
New2,0,T1Q2,,12.2,
New2,0,T1Q2,,9.2,
New2,0,T1Q2,,9,
New2,0,T1Q3,,9.6,
New2,0,T1Q3,,8.3,
New2,0,T1Q3,,5.2,
New2,0,T1Q3,,10.6,
New2,0,T1Q3,,6.6,
New2,0,T2Q1,,9.5,
New2,0,T2Q1,,9.6,
New2,0,T2Q1,,8.5,
New2,0,T2Q1,,8,
New2,0,T2Q1,,7.2,
New2,0,T2Q2,,NA,lost?
New2,0,T2Q2,,NA,lost?
New2,0,T2Q2,,NA,lost?
New2,0,T2Q2,,NA,lost?
New2,0,T2Q2,,NA,lost?
New2,0,T2Q3,,8.9,
New2,0,T2Q3,,7.8,
New2,0,T2Q3,,9.2,
New2,0,T2Q3,,8.6,
New2,0,T2Q3,,9.7,
New2,0,T3Q1,,16.6,
New2,0,T3Q1,,14.5,
New2,0,T3Q1,,15.3,
New2,0,T3Q1,,12.5,
New2,0,T3Q1,,11,
New2,0,T3Q2,,9.6,
New2,0,T3Q2,,9.5,
New2,0,T3Q2,,11.6,
New2,0,T3Q2,,11.7,
New2,0,T3Q2,,12.1,
New2,0,T3Q3,,10.3,
New2,0,T3Q3,,11.7,
New2,0,T3Q3,,8,
New2,0,T3Q3,,8.5,
New2,0,T3Q3,,11.5,
94North,0,T1Q1,,9.5,
94North,0,T1Q1,,9.6,
94North,0,T1Q1,,14,
94North,0,T1Q1,,13.6,
94North,0,T1Q1,,13.2,
94North,0,T1Q2,,8,
94North,0,T1Q2,,8.5,
94North,0,T1Q2,,10.3,
94North,0,T1Q2,,9.5,
94North,0,T1Q2,,13.1,
94North,0,T1Q3,,10.1,
94North,0,T1Q3,,8.1,
94North,0,T1Q3,,7.4,
94North,0,T1Q3,,7.1,
94North,0,T1Q3,,8.4,
94North,0,T2Q1,,12.5,
94North,0,T2Q1,,13,
94North,0,T2Q1,,12.5,
94North,0,T2Q1,,11.9,
94North,0,T2Q1,,10.4,
94North,0,T2Q2,,9.3,
94North,0,T2Q2,,5.6,
94North,0,T2Q2,,13.2,
94North,0,T2Q2,,8.6,
94North,0,T2Q2,,12.6,
94North,0,T2Q3,,6.8,
94North,0,T2Q3,,6,
94North,0,T2Q3,,5.2,
94North,0,T2Q3,,8.2,
94North,0,T2Q3,,5.5,
94North,0,T3Q1,,13.1,
94North,0,T3Q1,,12,
94North,0,T3Q1,,11.9,
94North,0,T3Q1,,13.8,
94North,0,T3Q1,,15.4,
94North,0,T3Q2,,NA,lost?
94North,0,T3Q2,,NA,lost?
94North,0,T3Q2,,NA,lost?
94North,0,T3Q2,,NA,lost?
94North,0,T3Q2,,NA,lost?
94North,0,T3Q3,,6.6,
94North,0,T3Q3,,8.1,
94North,0,T3Q3,,7.1,
94North,0,T3Q3,,10.7,
94North,0,T3Q3,,11.9,
E1,0,T1Q1,,8.7,
E1,0,T1Q1,,7.9,
E1,0,T1Q1,,9.4,
E1,0,T1Q1,,8.6,
E1,0,T1Q1,,6.2,
E1,0,T1Q2,,7.6,
E1,0,T1Q2,,6.7,
E1,0,T1Q2,,7.9,
E1,0,T1Q2,,5.4,
E1,0,T1Q2,,7.5,
E1,0,T1Q3,,9.1,
E1,0,T1Q3,,9.7,
E1,0,T1Q3,,9.2,
E1,0,T1Q3,,10.6,
E1,0,T1Q3,,11,
E1,0,T2Q1,,10.6,
E1,0,T2Q1,,8,
E1,0,T2Q1,,10,
E1,0,T2Q1,,11.5,
E1,0,T2Q1,,10.5,
E1,0,T2Q2,,7.1,
E1,0,T2Q2,,7.2,
E1,0,T2Q2,,10.2,
E1,0,T2Q2,,6.2,
E1,0,T2Q2,,6.9,
E1,0,T2Q3,,10.1,
E1,0,T2Q3,,7.6,
E1,0,T2Q3,,6.5,
E1,0,T2Q3,,5.7,
E1,0,T2Q3,,10.3,
E1,0,T3Q1,,12.2,
E1,0,T3Q1,,9,
E1,0,T3Q1,,10.4,
E1,0,T3Q1,,10.5,
E1,0,T3Q1,,12.2,
E1,0,T3Q2,,5.9,
E1,0,T3Q2,,8.2,
E1,0,T3Q2,,7.2,
E1,0,T3Q2,,7,
E1,0,T3Q2,,8,
E1,0,T3Q3,,8.1,
E1,0,T3Q3,,7.4,
E1,0,T3Q3,,9.8,
E1,0,T3Q3,,9.2,
E1,0,T3Q3,,7.2,
78S,0,T1Q1,,6.3,
78S,0,T1Q1,,9.6,
78S,0,T1Q1,,16.5,
78S,0,T1Q1,,18.6,
78S,0,T1Q1,,12.8,
78S,0,T1Q2,,9,
78S,0,T1Q2,,6.6,
78S,0,T1Q2,,9.6,
78S,0,T1Q2,,8.6,
78S,0,T1Q2,,8.2,
78S,0,T1Q3,,4.8,
78S,0,T1Q3,,6,
78S,0,T1Q3,,6.2,
78S,0,T1Q3,,6.4,
78S,0,T1Q3,,10.2,
78S,0,T2Q1,,10,
78S,0,T2Q1,,11,
78S,0,T2Q1,,12,
78S,0,T2Q1,,11.8,
78S,0,T2Q1,,8.8,
78S,0,T2Q2,,11.2,
78S,0,T2Q2,,13.2,
78S,0,T2Q2,,9.8,
78S,0,T2Q2,,12.2,
78S,0,T2Q2,,13.6,
78S,0,T2Q3,,6.6,
78S,0,T2Q3,,8.2,
78S,0,T2Q3,,9,
78S,0,T2Q3,,12.2,
78S,0,T2Q3,,8.8,
78S,0,T3Q1,,10.8,
78S,0,T3Q1,,13,
78S,0,T3Q1,,6.8,
78S,0,T3Q1,,10.2,
78S,0,T3Q1,,9,
78S,0,T3Q2,,21,
78S,0,T3Q2,,15.2,
78S,0,T3Q2,,14.4,
78S,0,T3Q2,,16.8,
78S,0,T3Q2,,17.2,
78S,0,T3Q3,,11.2,
78S,0,T3Q3,,8.6,
78S,0,T3Q3,,5,
78S,0,T3Q3,,7.4,
78S,0,T3Q3,,5.2,
Check5,0,T1Q1,,21.8,
Check5,0,T1Q1,,15.8,
Check5,0,T1Q1,,19.8,
Check5,0,T1Q1,,11.8,
Check5,0,T1Q1,,26,
Check5,0,T1Q2,,9,
Check5,0,T1Q2,,9,
Check5,0,T1Q2,,10.1,
Check5,0,T1Q2,,7.8,
Check5,0,T1Q2,,8.6,
Check5,0,T1Q3,,7.6,
Check5,0,T1Q3,,6.2,
Check5,0,T1Q3,,6.2,
Check5,0,T1Q3,,7.2,
Check5,0,T1Q3,,7.4,
Check5,0,T2Q1,,15.2,
Check5,0,T2Q1,,16.4,
Check5,0,T2Q1,,6.8,
Check5,0,T2Q1,,13.2,
Check5,0,T2Q1,,16.8,
Check5,0,T2Q2,,6.6,
Check5,0,T2Q2,,6.2,
Check5,0,T2Q2,,6.4,
Check5,0,T2Q2,,7.4,
Check5,0,T2Q2,,8,
Check5,0,T2Q3,,7,
Check5,0,T2Q3,,5.2,
Check5,0,T2Q3,,4.4,
Check5,0,T2Q3,,5.2,
Check5,0,T2Q3,,5,
Check5,0,T3Q1,,17.6,
Check5,0,T3Q1,,13.8,
Check5,0,T3Q1,,15.8,
Check5,0,T3Q1,,12.2,
Check5,0,T3Q1,,20,
Check5,0,T3Q2,,7.6,
Check5,0,T3Q2,,7.8,
Check5,0,T3Q2,,6.2,
Check5,0,T3Q2,,6.4,
Check5,0,T3Q2,,5.4,
Check5,0,T3Q3,,7.9,
Check5,0,T3Q3,,6,
Check5,0,T3Q3,,5.5,
Check5,0,T3Q3,,6.1,
Check5,0,T3Q3,,5.4,
71,0,T1Q1,,10.9,
71,0,T1Q1,,10.6,
71,0,T1Q1,,7.4,
71,0,T1Q1,,14,
71,0,T1Q1,,9.4,
71,0,T1Q2,,10.2,
71,0,T1Q2,,10.8,
71,0,T1Q2,,11.7,
71,0,T1Q2,,12,
71,0,T1Q2,,9.8,
71,0,T1Q3,,7.6,
71,0,T1Q3,,8.4,
71,0,T1Q3,,8.6,
71,0,T1Q3,,10,
71,0,T1Q3,,7.2,
71,0,T2Q1,,11.2,
71,0,T2Q1,,14.6,
71,0,T2Q1,,6.6,
71,0,T2Q1,,10.8,
71,0,T2Q1,,7.6,
71,0,T2Q2,,11.7,
71,0,T2Q2,,8,
71,0,T2Q2,,9.4,
71,0,T2Q2,,5.4,
71,0,T2Q2,,9.8,
71,0,T2Q3,,5.8,
71,0,T2Q3,,4.6,
71,0,T2Q3,,8.7,
71,0,T2Q3,,10.7,
71,0,T2Q3,,8.6,
71,0,T3Q1,,14.2,
71,0,T3Q1,,30,
71,0,T3Q1,,17.7,
71,0,T3Q1,,17.4,
71,0,T3Q1,,14.2,
71,0,T3Q2,,10.8,
71,0,T3Q2,,15.2,
71,0,T3Q2,,13,
71,0,T3Q2,,13,
71,0,T3Q2,,9.8,
71,0,T3Q3,,10.2,
71,0,T3Q3,,7.2,
71,0,T3Q3,,9.6,
71,0,T3Q3,,10,
71,0,T3Q3,,6,
Check1,0,T1Q1,,10.4,
Check1,0,T1Q1,,13.6,
Check1,0,T1Q1,,12.2,
Check1,0,T1Q1,,16.9,
Check1,0,T1Q1,,15.8,
Check1,0,T1Q2,,8.2,
Check1,0,T1Q2,,7.3,
Check1,0,T1Q2,,8.6,
Check1,0,T1Q2,,14.8,
Check1,0,T1Q2,,14.2,
Check1,0,T1Q3,,9.8,
Check1,0,T1Q3,,8,
Check1,0,T1Q3,,7.7,
Check1,0,T1Q3,,6.2,
Check1,0,T1Q3,,9.7,
Check1,0,T2Q1,,17.6,
Check1,0,T2Q1,,18,
Check1,0,T2Q1,,14.4,
Check1,0,T2Q1,,12.7,
Check1,0,T2Q1,,12,
Check1,0,T2Q2,,14.6,
Check1,0,T2Q2,,7.8,
Check1,0,T2Q2,,11.4,
Check1,0,T2Q2,,8,
Check1,0,T2Q2,,10.4,
Check1,0,T2Q3,,12.1,
Check1,0,T2Q3,,10.4,
Check1,0,T2Q3,,8.8,
Check1,0,T2Q3,,7.2,
Check1,0,T2Q3,,11.2,
Check1,0,T3Q1,,24,
Check1,0,T3Q1,,18.8,
Check1,0,T3Q1,,19.8,
Check1,0,T3Q1,,23.4,
Check1,0,T3Q1,,13.2,
Check1,0,T3Q2,,11.9,
Check1,0,T3Q2,,12.6,
Check1,0,T3Q2,,9.8,
Check1,0,T3Q2,,12.2,
Check1,0,T3Q2,,7,
Check1,0,T3Q3,,6.8,
Check1,0,T3Q3,,8.5,
Check1,0,T3Q3,,6.8,
Check1,0,T3Q3,,8,
Check1,0,T3Q3,,10,
85,0,T1Q1,,10.8,
85,0,T1Q1,,11.2,
85,0,T1Q1,,15.6,
85,0,T1Q1,,9.6,
85,0,T1Q1,,20.6,
85,0,T1Q2,,10,
85,0,T1Q2,,7.8,
85,0,T1Q2,,14,
85,0,T1Q2,,10,
85,0,T1Q2,,10.6,
85,0,T1Q3,,6.8,
85,0,T1Q3,,11.2,
85,0,T1Q3,,5.6,
85,0,T1Q3,,7.2,
85,0,T1Q3,,6.6,
85,0,T2Q1,,12.9,
85,0,T2Q1,,12.2,
85,0,T2Q1,,7.6,
85,0,T2Q1,,13.5,
85,0,T2Q1,,15.2,
85,0,T2Q2,,16.5,
85,0,T2Q2,,11.2,
85,0,T2Q2,,8.2,
85,0,T2Q2,,7.8,
85,0,T2Q2,,7.2,
85,0,T2Q3,,6.8,
85,0,T2Q3,,9.6,
85,0,T2Q3,,10,
85,0,T2Q3,,5.5,
85,0,T2Q3,,6.9,
85,0,T3Q1,,9.2,
85,0,T3Q1,,6.8,
85,0,T3Q1,,13.3,
85,0,T3Q1,,10.7,
85,0,T3Q1,,16.9,
85,0,T3Q2,,7.8,
85,0,T3Q2,,8.2,
85,0,T3Q2,,9.4,
85,0,T3Q2,,5.8,
85,0,T3Q2,,10.9,
85,0,T3Q3,,8.6,
85,0,T3Q3,,7.7,
85,0,T3Q3,,9.7,
85,0,T3Q3,,6.8,
85,0,T3Q3,,8.1,
Damsel,0,T1Q1,,9.5,
Damsel,0,T1Q1,,7.6,
Damsel,0,T1Q1,,8.3,
Damsel,0,T1Q1,,9.6,
Damsel,0,T1Q1,,9.3,
Damsel,0,T1Q2,,5.3,
Damsel,0,T1Q2,,10.2,
Damsel,0,T1Q2,,11.3,
Damsel,0,T1Q2,,10.4,
Damsel,0,T1Q2,,5.7,
Damsel,0,T1Q3,,6.1,
Damsel,0,T1Q3,,4.8,
Damsel,0,T1Q3,,6.1,
Damsel,0,T1Q3,,6.7,
Damsel,0,T1Q3,,7.2,
Damsel,0,T2Q1,,11.2,
Damsel,0,T2Q1,,11.6,
Damsel,0,T2Q1,,10.2,
Damsel,0,T2Q1,,11.6,
Damsel,0,T2Q1,,9.1,
Damsel,0,T2Q2,,6.5,
Damsel,0,T2Q2,,8,
Damsel,0,T2Q2,,8.5,
Damsel,0,T2Q2,,6,
Damsel,0,T2Q2,,5.9,
Damsel,0,T2Q3,,5.8,
Damsel,0,T2Q3,,7.8,
Damsel,0,T2Q3,,7,
Damsel,0,T2Q3,,7.1,
Damsel,0,T2Q3,,7.2,
Damsel,0,T3Q1,,8.5,
Damsel,0,T3Q1,,8.2,
Damsel,0,T3Q1,,8.4,
Damsel,0,T3Q1,,8.6,
Damsel,0,T3Q1,,7.3,
Damsel,0,T3Q2,,9.3,
Damsel,0,T3Q2,,8.2,
Damsel,0,T3Q2,,8.3,
Damsel,0,T3Q2,,10.1,
Damsel,0,T3Q2,,8.4,
Damsel,0,T3Q3,,10.5,
Damsel,0,T3Q3,,10.4,
Damsel,0,T3Q3,,9.7,
Damsel,0,T3Q3,,6.5,
Damsel,0,T3Q3,,9.2,
E2,0,T1Q1,,8.7,
E2,0,T1Q1,,10.6,
E2,0,T1Q1,,7.2,
E2,0,T1Q1,,10.7,
E2,0,T1Q1,,9.8,
E2,0,T1Q2,,8,
E2,0,T1Q2,,8.8,
E2,0,T1Q2,,7.9,
E2,0,T1Q2,,7.6,
E2,0,T1Q2,,6.6,
E2,0,T1Q3,,6.5,
E2,0,T1Q3,,12.2,
E2,0,T1Q3,,8.4,
E2,0,T1Q3,,8.3,
E2,0,T1Q3,,10,
E2,0,T2Q1,,11.4,
E2,0,T2Q1,,14.5,
E2,0,T2Q1,,15.8,
E2,0,T2Q1,,13.3,
E2,0,T2Q1,,11.7,
E2,0,T2Q2,,11.3,
E2,0,T2Q2,,12.2,
E2,0,T2Q2,,11.2,
E2,0,T2Q2,,14.3,
E2,0,T2Q2,,9,
E2,0,T2Q3,,9.7,
E2,0,T2Q3,,9.8,
E2,0,T2Q3,,8.2,
E2,0,T2Q3,,8.1,
E2,0,T2Q3,,7.3,
E2,0,T3Q1,,13.4,
E2,0,T3Q1,,14.3,
E2,0,T3Q1,,13.1,
E2,0,T3Q1,,16.1,
E2,0,T3Q1,,15.3,
E2,0,T3Q2,,9.1,
E2,0,T3Q2,,9.2,
E2,0,T3Q2,,5.7,
E2,0,T3Q2,,10.1,
E2,0,T3Q2,,7.9,
E2,0,T3Q3,,5.6,
E2,0,T3Q3,,6.9,
E2,0,T3Q3,,7.2,
E2,0,T3Q3,,6.5,
E2,0,T3Q3,,7,
94Urchin,0,T1Q1,,12.1,
94Urchin,0,T1Q1,,8.6,
94Urchin,0,T1Q1,,6.5,
94Urchin,0,T1Q1,,7.1,
94Urchin,0,T1Q1,,11.6,
94Urchin,0,T1Q2,,10.6,
94Urchin,0,T1Q2,,7.1,
94Urchin,0,T1Q2,,8.1,
94Urchin,0,T1Q2,,13.9,
94Urchin,0,T1Q2,,9.2,
94Urchin,0,T1Q3,,8.8,
94Urchin,0,T1Q3,,8.6,
94Urchin,0,T1Q3,,7.6,
94Urchin,0,T1Q3,,9.7,
94Urchin,0,T1Q3,,5.3,
94Urchin,0,T2Q1,,17.4,
94Urchin,0,T2Q1,,14.9,
94Urchin,0,T2Q1,,15.7,
94Urchin,0,T2Q1,,16.8,
94Urchin,0,T2Q1,,13.4,
94Urchin,0,T2Q2,,14.2,
94Urchin,0,T2Q2,,10.6,
94Urchin,0,T2Q2,,9.3,
94Urchin,0,T2Q2,,12.1,
94Urchin,0,T2Q2,,9.6,
94Urchin,0,T2Q3,,6.7,
94Urchin,0,T2Q3,,6.4,
94Urchin,0,T2Q3,,7,
94Urchin,0,T2Q3,,6.3,
94Urchin,0,T2Q3,,6.7,
94Urchin,0,T3Q1,,18.2,
94Urchin,0,T3Q1,,16.3,
94Urchin,0,T3Q1,,20.6,
94Urchin,0,T3Q1,,17.8,
94Urchin,0,T3Q1,,11.7,
94Urchin,0,T3Q2,,10.8,
94Urchin,0,T3Q2,,10.6,
94Urchin,0,T3Q2,,11,
94Urchin,0,T3Q2,,12.1,
94Urchin,0,T3Q2,,13.3,
94Urchin,0,T3Q3,,6.8,
94Urchin,0,T3Q3,,8.2,
94Urchin,0,T3Q3,,7.1,
94Urchin,0,T3Q3,,6.5,
94Urchin,0,T3Q3,,8.5,
Check3,0,T1Q1,,12.3,
Check3,0,T1Q1,,11.9,
Check3,0,T1Q1,,12.2,
Check3,0,T1Q1,,12.3,
Check3,0,T1Q1,,11.7,
Check3,0,T1Q2,,6.2,
Check3,0,T1Q2,,9.1,
Check3,0,T1Q2,,8.1,
Check3,0,T1Q2,,7.8,
Check3,0,T1Q2,,6.2,
Check3,0,T1Q3,,6.7,
Check3,0,T1Q3,,6.3,
Check3,0,T1Q3,,6.2,
Check3,0,T1Q3,,5.5,
Check3,0,T1Q3,,4.5,
Check3,0,T2Q1,,11,
Check3,0,T2Q1,,12.9,
Check3,0,T2Q1,,8.1,
Check3,0,T2Q1,,13,
Check3,0,T2Q1,,10.4,
Check3,0,T2Q2,,11.7,
Check3,0,T2Q2,,18.3,
Check3,0,T2Q2,,11.3,
Check3,0,T2Q2,,10.1,
Check3,0,T2Q2,,14.2,
Check3,0,T2Q3,,6.1,
Check3,0,T2Q3,,6.7,
Check3,0,T2Q3,,8.9,
Check3,0,T2Q3,,7.7,
Check3,0,T2Q3,,6.8,
Check3,0,T3Q1,,9.5,
Check3,0,T3Q1,,12.2,
Check3,0,T3Q1,,7.5,
Check3,0,T3Q1,,14,
Check3,0,T3Q1,,9.9,
Check3,0,T3Q2,,8.9,
Check3,0,T3Q2,,8.5,
Check3,0,T3Q2,,7.1,
Check3,0,T3Q2,,8.9,
Check3,0,T3Q2,,8.5,
Check3,0,T3Q3,,8.2,
Check3,0,T3Q3,,8.1,
Check3,0,T3Q3,,12.3,
Check3,0,T3Q3,,13.3,
Check3,0,T3Q3,,8.2,
IMC,0,T1Q1,,10.4,
IMC,0,T1Q1,,9.9,
IMC,0,T1Q1,,13.1,
IMC,0,T1Q1,,11.4,
IMC,0,T1Q1,,11.3,
IMC,0,T1Q2,,9.9,
IMC,0,T1Q2,,8.8,
IMC,0,T1Q2,,7.6,
IMC,0,T1Q2,,7.6,
IMC,0,T1Q2,,9.2,
IMC,0,T1Q3,,6.3,
IMC,0,T1Q3,,8.1,
IMC,0,T1Q3,,8.7,
IMC,0,T1Q3,,6.4,
IMC,0,T1Q3,,7.6,
IMC,0,T2Q1,,11.5,
IMC,0,T2Q1,,11.2,
IMC,0,T2Q1,,10.1,
IMC,0,T2Q1,,13.2,
IMC,0,T2Q1,,7.9,
IMC,0,T2Q2,,10.5,
IMC,0,T2Q2,,13.4,
IMC,0,T2Q2,,13.8,
IMC,0,T2Q2,,6.8,
IMC,0,T2Q2,,12.9,
IMC,0,T2Q3,,6,
IMC,0,T2Q3,,7.1,
IMC,0,T2Q3,,9.2,
IMC,0,T2Q3,,5.7,
IMC,0,T2Q3,,5.2,
IMC,0,T3Q1,,8.7,
IMC,0,T3Q1,,9.3,
IMC,0,T3Q1,,12.6,
IMC,0,T3Q1,,6.2,
IMC,0,T3Q1,,8.4,
IMC,0,T3Q2,,9.6,
IMC,0,T3Q2,,8.7,
IMC,0,T3Q2,,6.4,
IMC,0,T3Q2,,8.1,
IMC,0,T3Q2,,7.8,
IMC,0,T3Q3,,6.3,
IMC,0,T3Q3,,9.5,
IMC,0,T3Q3,,8.1,
IMC,0,T3Q3,,8.3,
IMC,0,T3Q3,,6.2,
Cooda,0,T1Q1,,10.3,
Cooda,0,T1Q1,,8.5,
Cooda,0,T1Q1,,6.5,
Cooda,0,T1Q1,,7.4,
Cooda,0,T1Q1,,7.1,
Cooda,0,T1Q2,,7.8,
Cooda,0,T1Q2,,9.6,
Cooda,0,T1Q2,,8.7,
Cooda,0,T1Q2,,8.6,
Cooda,0,T1Q2,,5.6,
Cooda,0,T1Q3,,8.2,
Cooda,0,T1Q3,,7.3,
Cooda,0,T1Q3,,7.7,
Cooda,0,T1Q3,,5.3,
Cooda,0,T1Q3,,7.7,
Cooda,0,T2Q1,,8.5,
Cooda,0,T2Q1,,8.4,
Cooda,0,T2Q1,,8.6,
Cooda,0,T2Q1,,12.1,
Cooda,0,T2Q1,,9.9,
Cooda,0,T2Q2,,6,
Cooda,0,T2Q2,,6.4,
Cooda,0,T2Q2,,6.3,
Cooda,0,T2Q2,,6.7,
Cooda,0,T2Q2,,7.8,
Cooda,0,T2Q3,,7.3,
Cooda,0,T2Q3,,8.2,
Cooda,0,T2Q3,,7.1,
Cooda,0,T2Q3,,4.8,
Cooda,0,T2Q3,,5.2,
Cooda,0,T3Q1,,14.5,
Cooda,0,T3Q1,,14,
Cooda,0,T3Q1,,9.6,
Cooda,0,T3Q1,,10.2,
Cooda,0,T3Q1,,8.6,
Cooda,0,T3Q2,,11.4,
Cooda,0,T3Q2,,11.6,
Cooda,0,T3Q2,,9.4,
Cooda,0,T3Q2,,11.7,
Cooda,0,T3Q2,,13.2,
Cooda,0,T3Q3,,9.5,
Cooda,0,T3Q3,,9.1,
Cooda,0,T3Q3,,13.5,
Cooda,0,T3Q3,,11.8,
Cooda,0,T3Q3,,10.9,
Cow,0,T1Q1,,8.4,
Cow,0,T1Q1,,12.3,
Cow,0,T1Q1,,12.7,
Cow,0,T1Q1,,13.2,
Cow,0,T1Q1,,8.3,
Cow,0,T1Q2,,10.7,
Cow,0,T1Q2,,10.2,
Cow,0,T1Q2,,9,
Cow,0,T1Q2,,10.2,
Cow,0,T1Q2,,7,
Cow,0,T1Q3,,9.2,
Cow,0,T1Q3,,8.8,
Cow,0,T1Q3,,9.9,
Cow,0,T1Q3,,6.3,
Cow,0,T1Q3,,8.6,
Cow,0,T2Q1,,7.3,
Cow,0,T2Q1,,9.5,
Cow,0,T2Q1,,9.2,
Cow,0,T2Q1,,7.7,
Cow,0,T2Q1,,7.6,
Cow,0,T2Q2,,5.7,
Cow,0,T2Q2,,12.1,
Cow,0,T2Q2,,8.7,
Cow,0,T2Q2,,6.3,
Cow,0,T2Q2,,6.9,
Cow,0,T2Q3,,9,
Cow,0,T2Q3,,2.8,
Cow,0,T2Q3,,4.1,
Cow,0,T2Q3,,8.2,
Cow,0,T2Q3,,6.5,
Cow,0,T3Q1,,10.8,
Cow,0,T3Q1,,12,
Cow,0,T3Q1,,8.9,
Cow,0,T3Q1,,11.9,
Cow,0,T3Q1,,9,
Cow,0,T3Q2,,11.9,
Cow,0,T3Q2,,11,
Cow,0,T3Q2,,11.3,
Cow,0,T3Q2,,13.2,
Cow,0,T3Q2,,11.2,
Cow,0,T3Q3,,10.2,
Cow,0,T3Q3,,9.3,
Cow,0,T3Q3,,11.5,
Cow,0,T3Q3,,11.6,
Cow,0,T3Q3,,10.8,
NF17,0,T1Q1,,8.1,
NF17,0,T1Q1,,16.5,
NF17,0,T1Q1,,15,
NF17,0,T1Q1,,15,
NF17,0,T1Q1,,13.1,
NF17,0,T1Q2,,6.5,
NF17,0,T1Q2,,10.2,
NF17,0,T1Q2,,8.5,
NF17,0,T1Q2,,6.4,
NF17,0,T1Q2,,11.2,
NF17,0,T1Q3,,11.5,
NF17,0,T1Q3,,11.3,
NF17,0,T1Q3,,7.3,
NF17,0,T1Q3,,10.2,
NF17,0,T1Q3,,8.3,
NF17,0,T2Q1,,12,
NF17,0,T2Q1,,9.2,
NF17,0,T2Q1,,18.2,
NF17,0,T2Q1,,9.7,
NF17,0,T2Q1,,12.5,
NF17,0,T2Q2,,8.4,
NF17,0,T2Q2,,8.8,
NF17,0,T2Q2,,9.8,
NF17,0,T2Q2,,10.1,
NF17,0,T2Q2,,10.6,
NF17,0,T2Q3,,10.1,
NF17,0,T2Q3,,10.1,
NF17,0,T2Q3,,7.4,
NF17,0,T2Q3,,7.4,
NF17,0,T2Q3,,11,
NF17,0,T3Q1,,13.2,
NF17,0,T3Q1,,12.9,
NF17,0,T3Q1,,10.2,
NF17,0,T3Q1,,16.5,
NF17,0,T3Q1,,12.5,
NF17,0,T3Q2,,9.6,
NF17,0,T3Q2,,11.7,
NF17,0,T3Q2,,11.4,
NF17,0,T3Q2,,8.7,
NF17,0,T3Q2,,13.3,
NF17,0,T3Q3,,7.2,
NF17,0,T3Q3,,8.7,
NF17,0,T3Q3,,11.1,
NF17,0,T3Q3,,8.4,
NF17,0,T3Q3,,9,
CT15,0,T1Q1,,24.3,
CT15,0,T1Q1,,25.1,
CT15,0,T1Q1,,20.6,
CT15,0,T1Q1,,19.8,
CT15,0,T1Q1,,19.3,
CT15,0,T1Q2,,8.8,
CT15,0,T1Q2,,11.4,
CT15,0,T1Q2,,8.3,
CT15,0,T1Q2,,11.9,
CT15,0,T1Q2,,9.6,
CT15,0,T1Q3,,6.6,
CT15,0,T1Q3,,9.8,
CT15,0,T1Q3,,9.2,
CT15,0,T1Q3,,8,
CT15,0,T1Q3,,9.3,
CT15,0,T2Q1,,28.5,
CT15,0,T2Q1,,21.1,
CT15,0,T2Q1,,26.3,
CT15,0,T2Q1,,13.8,
CT15,0,T2Q1,,20.8,
CT15,0,T2Q2,,15.5,
CT15,0,T2Q2,,14.5,
CT15,0,T2Q2,,12.3,
CT15,0,T2Q2,,12.7,
CT15,0,T2Q2,,13,
CT15,0,T2Q3,,9,
CT15,0,T2Q3,,10.2,
CT15,0,T2Q3,,9.4,
CT15,0,T2Q3,,11.6,
CT15,0,T2Q3,,13.7,
CT15,0,T3Q1,,16.2,
CT15,0,T3Q1,,14,
CT15,0,T3Q1,,15.4,
CT15,0,T3Q1,,18.8,
CT15,0,T3Q1,,17.5,
CT15,0,T3Q2,,10.3,
CT15,0,T3Q2,,14,
CT15,0,T3Q2,,7,
CT15,0,T3Q2,,9.7,
CT15,0,T3Q2,,8.3,
CT15,0,T3Q3,,7.5,
CT15,0,T3Q3,,8,
CT15,0,T3Q3,,5.9,
CT15,0,T3Q3,,5.6,
CT15,0,T3Q3,,7.9,
Calgary,0,T1Q1,,12.3,
Calgary,0,T1Q1,,16.5,
Calgary,0,T1Q1,,19.4,
Calgary,0,T1Q1,,24,
Calgary,0,T1Q1,,21.1,
Calgary,0,T1Q2,,9.4,
Calgary,0,T1Q2,,9.6,
Calgary,0,T1Q2,,11.9,
Calgary,0,T1Q2,,9.4,
Calgary,0,T1Q2,,11.2,
Calgary,0,T1Q3,,11.4,
Calgary,0,T1Q3,,8.4,
Calgary,0,T1Q3,,8,
Calgary,0,T1Q3,,8,
Calgary,0,T1Q3,,5.3,
Calgary,0,T2Q1,,22.2,
Calgary,0,T2Q1,,14.4,
Calgary,0,T2Q1,,18,
Calgary,0,T2Q1,,23.2,
Calgary,0,T2Q1,,19.3,
Calgary,0,T2Q2,,12.9,
Calgary,0,T2Q2,,15.5,
Calgary,0,T2Q2,,17.4,
Calgary,0,T2Q2,,10.4,
Calgary,0,T2Q2,,10.8,
Calgary,0,T2Q3,,10,
Calgary,0,T2Q3,,8.4,
Calgary,0,T2Q3,,11.5,
Calgary,0,T2Q3,,9.5,
Calgary,0,T2Q3,,9.5,
Calgary,0,T3Q1,,15.5,
Calgary,0,T3Q1,,14.1,
Calgary,0,T3Q1,,16.3,
Calgary,0,T3Q1,,14.9,
Calgary,0,T3Q1,,13.2,
Calgary,0,T3Q2,,14.6,
Calgary,0,T3Q2,,13.3,
Calgary,0,T3Q2,,12.3,
Calgary,0,T3Q2,,12.9,
Calgary,0,T3Q2,,15,
Calgary,0,T3Q3,,9.6,
Calgary,0,T3Q3,,9.7,
Calgary,0,T3Q3,,14.3,
Calgary,0,T3Q3,,13.7,
Calgary,0,T3Q3,,10.4,
119,0,T1Q1,,8.2,
119,0,T1Q1,,8.7,
119,0,T1Q1,,8.5,
119,0,T1Q1,,11.6,
119,0,T1Q1,,11.1,
119,0,T1Q2,,6.5,
119,0,T1Q2,,12,
119,0,T1Q2,,7.6,
119,0,T1Q2,,7.7,
119,0,T1Q2,,7.3,
119,0,T1Q3,,12.7,
119,0,T1Q3,,8.4,
119,0,T1Q3,,12.5,
119,0,T1Q3,,11.2,
119,0,T1Q3,,8.3,
119,0,T2Q1,,12.5,
119,0,T2Q1,,6.9,
119,0,T2Q1,,6,
119,0,T2Q1,,9.4,
119,0,T2Q1,,9.8,
119,0,T2Q2,,6.1,
119,0,T2Q2,,10.1,
119,0,T2Q2,,7.8,
119,0,T2Q2,,7.7,
119,0,T2Q2,,7.5,
119,0,T2Q3,,9.1,
119,0,T2Q3,,9.6,
119,0,T2Q3,,7.2,
119,0,T2Q3,,8.4,
119,0,T2Q3,,10.1,
119,0,T3Q1,,8.9,
119,0,T3Q1,,9.3,
119,0,T3Q1,,12.6,
119,0,T3Q1,,10.4,
119,0,T3Q1,,9,
119,0,T3Q2,,7.9,
119,0,T3Q2,,7.2,
119,0,T3Q2,,10.9,
119,0,T3Q2,,5.5,
119,0,T3Q2,,10.6,
119,0,T3Q3,,7.9,
119,0,T3Q3,,6.3,
119,0,T3Q3,,6.5,
119,0,T3Q3,,8.6,
119,0,T3Q3,,8.2,
Shit'sCreek,1,T1Q1,,21.3,
Shit'sCreek,1,T1Q1,,27.7,
Shit'sCreek,1,T1Q1,,25,
Shit'sCreek,1,T1Q1,,19.2,
Shit'sCreek,1,T1Q1,,32.3,
Shit'sCreek,1,T1Q2,,4.9,
Shit'sCreek,1,T1Q2,,6.3,
Shit'sCreek,1,T1Q2,,10.1,
Shit'sCreek,1,T1Q2,,9.3,
Shit'sCreek,1,T1Q2,,6.7,
Shit'sCreek,1,T1Q3,,8.9,
Shit'sCreek,1,T1Q3,,9.5,
Shit'sCreek,1,T1Q3,,8.4,
Shit'sCreek,1,T1Q3,,7.5,
Shit'sCreek,1,T1Q3,,8.5,
Shit'sCreek,1,T2Q1,,23.2,
Shit'sCreek,1,T2Q1,,25.2,
Shit'sCreek,1,T2Q1,,26.8,
Shit'sCreek,1,T2Q1,,18.8,
Shit'sCreek,1,T2Q1,,20.7,
Shit'sCreek,1,T2Q2,,18.3,
Shit'sCreek,1,T2Q2,,18.2,
Shit'sCreek,1,T2Q2,,14.4,
Shit'sCreek,1,T2Q2,,16.4,
Shit'sCreek,1,T2Q2,,12.5,
Shit'sCreek,1,T2Q3,,6.2,
Shit'sCreek,1,T2Q3,,8.5,
Shit'sCreek,1,T2Q3,,7.8,
Shit'sCreek,1,T2Q3,,7,
Shit'sCreek,1,T2Q3,,7.8,
Shit'sCreek,1,T3Q1,,22.1,
Shit'sCreek,1,T3Q1,,25.7,
Shit'sCreek,1,T3Q1,,23.6,
Shit'sCreek,1,T3Q1,,20.6,
Shit'sCreek,1,T3Q1,,26,
Shit'sCreek,1,T3Q2,,15.3,
Shit'sCreek,1,T3Q2,,13.4,
Shit'sCreek,1,T3Q2,,15.3,
Shit'sCreek,1,T3Q2,,15.6,
Shit'sCreek,1,T3Q2,,12.2,
Shit'sCreek,1,T3Q3,,8.4,
Shit'sCreek,1,T3Q3,,8.6,
Shit'sCreek,1,T3Q3,,10.8,
Shit'sCreek,1,T3Q3,,9.3,
Shit'sCreek,1,T3Q3,,7.2,
CT15,1,T1Q1,,17.6,
CT15,1,T1Q1,,24.6,
CT15,1,T1Q1,,23.6,
CT15,1,T1Q1,,18.5,
CT15,1,T1Q1,,15,
CT15,1,T1Q2,,15.8,
CT15,1,T1Q2,,12,
CT15,1,T1Q2,,16.7,
CT15,1,T1Q2,,20.2,
CT15,1,T1Q2,,20.7,
CT15,1,T1Q3,,10.6,
CT15,1,T1Q3,,8.3,
CT15,1,T1Q3,,0.2,
CT15,1,T1Q3,,15.4,
CT15,1,T1Q3,,12.6,
CT15,1,T2Q1,,24.5,
CT15,1,T2Q1,,22.7,
CT15,1,T2Q1,,25.4,
CT15,1,T2Q1,,21.8,
CT15,1,T2Q1,,23.5,
CT15,1,T2Q2,,14,
CT15,1,T2Q2,,15.3,
CT15,1,T2Q2,,9.7,
CT15,1,T2Q2,,16.4,
CT15,1,T2Q2,,16.7,
CT15,1,T2Q3,,7.2,
CT15,1,T2Q3,,8.4,
CT15,1,T2Q3,,12,
CT15,1,T2Q3,,5.3,
CT15,1,T2Q3,,6.1,
CT15,1,T3Q1,,17.6,
CT15,1,T3Q1,,10.2,
CT15,1,T3Q1,,7.5,
CT15,1,T3Q1,,18.2,
CT15,1,T3Q1,,13,
CT15,1,T3Q2,,12.1,
CT15,1,T3Q2,,9.7,
CT15,1,T3Q2,,14.2,
CT15,1,T3Q2,,10.3,
CT15,1,T3Q2,,13,
CT15,1,T3Q3,,10.5,
CT15,1,T3Q3,,9.9,
CT15,1,T3Q3,,6.4,
CT15,1,T3Q3,,7.3,
CT15,1,T3Q3,,5.4,
Damsel,1,T1Q1,,12.1,
Damsel,1,T1Q1,,14.1,
Damsel,1,T1Q1,,11,
Damsel,1,T1Q1,,12.2,
Damsel,1,T1Q1,,10,
Damsel,1,T1Q2,,12.6,
Damsel,1,T1Q2,,12.2,
Damsel,1,T1Q2,,9.7,
Damsel,1,T1Q2,,16.7,
Damsel,1,T1Q2,,15.8,
Damsel,1,T1Q3,,7.3,
Damsel,1,T1Q3,,7.8,
Damsel,1,T1Q3,,8.7,
Damsel,1,T1Q3,,10.4,
Damsel,1,T1Q3,,9.6,
Damsel,1,T2Q1,,12.1,
Damsel,1,T2Q1,,12.9,
Damsel,1,T2Q1,,10.6,
Damsel,1,T2Q1,,11.5,
Damsel,1,T2Q1,,9.9,
Damsel,1,T2Q2,,10.8,
Damsel,1,T2Q2,,8.9,
Damsel,1,T2Q2,,10.4,
Damsel,1,T2Q2,,7.2,
Damsel,1,T2Q2,,9,
Damsel,1,T2Q3,,10,
Damsel,1,T2Q3,,9.3,
Damsel,1,T2Q3,,4,
Damsel,1,T2Q3,,6,
Damsel,1,T2Q3,,6.7,
Damsel,1,T3Q1,,15.2,
Damsel,1,T3Q1,,19.6,
Damsel,1,T3Q1,,17.2,
Damsel,1,T3Q1,,15.6,
Damsel,1,T3Q1,,14.9,
Damsel,1,T3Q2,,11,
Damsel,1,T3Q2,,11.1,
Damsel,1,T3Q2,,6.6,
Damsel,1,T3Q2,,9.8,
Damsel,1,T3Q2,,11.5,
Damsel,1,T3Q3,,12.2,
Damsel,1,T3Q3,,7.6,
Damsel,1,T3Q3,,5.2,
Damsel,1,T3Q3,,8.3,
Damsel,1,T3Q3,,10.1,
Vancouver,1,T1Q1,,27,
Vancouver,1,T1Q1,,17.2,
Vancouver,1,T1Q1,,28,
Vancouver,1,T1Q1,,16,
Vancouver,1,T1Q1,,22.6,
Vancouver,1,T1Q2,,13.3,
Vancouver,1,T1Q2,,16.2,
Vancouver,1,T1Q2,,15.6,
Vancouver,1,T1Q2,,18.9,
Vancouver,1,T1Q2,,15.5,
Vancouver,1,T1Q3,,7.5,
Vancouver,1,T1Q3,,10,
Vancouver,1,T1Q3,,7.7,
Vancouver,1,T1Q3,,7.7,
Vancouver,1,T1Q3,,5,
Vancouver,1,T2Q1,,20.4,
Vancouver,1,T2Q1,,25.9,
Vancouver,1,T2Q1,,26.2,
Vancouver,1,T2Q1,,22.4,
Vancouver,1,T2Q1,,24.2,
Vancouver,1,T2Q2,,14.4,
Vancouver,1,T2Q2,,12.6,
Vancouver,1,T2Q2,,8.2,
Vancouver,1,T2Q2,,16.7,
Vancouver,1,T2Q2,,17.4,
Vancouver,1,T2Q3,,8.5,
Vancouver,1,T2Q3,,9.3,
Vancouver,1,T2Q3,,12.8,
Vancouver,1,T2Q3,,10.7,
Vancouver,1,T2Q3,,9.2,
Vancouver,1,T3Q1,,19,
Vancouver,1,T3Q1,,24,
Vancouver,1,T3Q1,,22.5,
Vancouver,1,T3Q1,,21.1,
Vancouver,1,T3Q1,,27.6,
Vancouver,1,T3Q2,,11.7,
Vancouver,1,T3Q2,,13.1,
Vancouver,1,T3Q2,,13,
Vancouver,1,T3Q2,,15,
Vancouver,1,T3Q2,,12.7,
Vancouver,1,T3Q3,,7.7,
Vancouver,1,T3Q3,,8.2,
Vancouver,1,T3Q3,,9.5,
Vancouver,1,T3Q3,,8.2,
Vancouver,1,T3Q3,,8.2,
78S,1,T1Q1,,14.5,
78S,1,T1Q1,,14,
78S,1,T1Q1,,15.8,
78S,1,T1Q1,,12.2,
78S,1,T1Q1,,11.7,
78S,1,T1Q2,,13.2,
78S,1,T1Q2,,12,
78S,1,T1Q2,,7.3,
78S,1,T1Q2,,8.9,
78S,1,T1Q2,,8.9,
78S,1,T1Q3,,6.6,
78S,1,T1Q3,,10.7,
78S,1,T1Q3,,7.7,
78S,1,T1Q3,,10.9,
78S,1,T1Q3,,8,
78S,1,T2Q1,,21.8,
78S,1,T2Q1,,12.7,
78S,1,T2Q1,,18.3,
78S,1,T2Q1,,14.3,
78S,1,T2Q1,,102,
78S,1,T2Q2,,10.6,
78S,1,T2Q2,,9.3,
78S,1,T2Q2,,10.3,
78S,1,T2Q2,,11.2,
78S,1,T2Q2,,11.6,
78S,1,T2Q3,,8.2,
78S,1,T2Q3,,6.7,
78S,1,T2Q3,,6.7,
78S,1,T2Q3,,12.4,
78S,1,T2Q3,,7.1,
78S,1,T3Q1,,9.6,
78S,1,T3Q1,,18,
78S,1,T3Q1,,16.2,
78S,1,T3Q1,,13,
78S,1,T3Q1,,11.7,
78S,1,T3Q2,,8.5,
78S,1,T3Q2,,9.3,
78S,1,T3Q2,,9.9,
78S,1,T3Q2,,10.4,
78S,1,T3Q2,,9,
78S,1,T3Q3,,8.1,
78S,1,T3Q3,,5.9,
78S,1,T3Q3,,8.5,
78S,1,T3Q3,,9.6,
78S,1,T3Q3,,9,
76S,1,T1Q1,,19,
76S,1,T1Q1,,21,
76S,1,T1Q1,,11.7,
76S,1,T1Q1,,13.7,
76S,1,T1Q1,,11.7,
76S,1,T1Q2,,8,
76S,1,T1Q2,,11,
76S,1,T1Q2,,9.8,
76S,1,T1Q2,,8.9,
76S,1,T1Q2,,12.6,
76S,1,T1Q3,,9.9,
76S,1,T1Q3,,8.8,
76S,1,T1Q3,,9.7,
76S,1,T1Q3,,7.8,
76S,1,T1Q3,,7.3,
76S,1,T2Q1,,15.6,
76S,1,T2Q1,,24.9,
76S,1,T2Q1,,27.2,
76S,1,T2Q1,,11.8,
76S,1,T2Q1,,20.4,
76S,1,T2Q2,,15.4,
76S,1,T2Q2,,6.3,
76S,1,T2Q2,,15,
76S,1,T2Q2,,8.2,
76S,1,T2Q2,,11.8,
76S,1,T2Q3,,9.3,
76S,1,T2Q3,,7.3,
76S,1,T2Q3,,6.2,
76S,1,T2Q3,,10,
76S,1,T2Q3,,7.8,
76S,1,T3Q1,,16.1,
76S,1,T3Q1,,16.9,
76S,1,T3Q1,,17.3,
76S,1,T3Q1,,17.1,
76S,1,T3Q1,,11.1,
76S,1,T3Q2,,9.1,
76S,1,T3Q2,,14.8,
76S,1,T3Q2,,16.4,
76S,1,T3Q2,,10.6,
76S,1,T3Q2,,11.2,
76S,1,T3Q3,,11.7,
76S,1,T3Q3,,11,
76S,1,T3Q3,,15.9,
76S,1,T3Q3,,11.8,
76S,1,T3Q3,,8.2,
F5Small,1,T1Q1,,15.7,
F5Small,1,T1Q1,,18.5,
F5Small,1,T1Q1,,29.6,
F5Small,1,T1Q1,,11.3,
F5Small,1,T1Q1,,13.1,
F5Small,1,T1Q2,,12.6,
F5Small,1,T1Q2,,15.9,
F5Small,1,T1Q2,,22.7,
F5Small,1,T1Q2,,10.6,
F5Small,1,T1Q2,,15.9,
F5Small,1,T1Q3,,10.3,
F5Small,1,T1Q3,,9.5,
F5Small,1,T1Q3,,19.4,
F5Small,1,T1Q3,,15,
F5Small,1,T1Q3,,11.5,
F5Small,1,T2Q1,,9.3,
F5Small,1,T2Q1,,11.4,
F5Small,1,T2Q1,,15,
F5Small,1,T2Q1,,18.8,
F5Small,1,T2Q1,,19.1,
F5Small,1,T2Q2,,14.2,
F5Small,1,T2Q2,,12.3,
F5Small,1,T2Q2,,14,
F5Small,1,T2Q2,,8.2,
F5Small,1,T2Q2,,10.1,
F5Small,1,T2Q3,,8.2,
F5Small,1,T2Q3,,11.2,
F5Small,1,T2Q3,,9.5,
F5Small,1,T2Q3,,8.9,
F5Small,1,T2Q3,,7,
F5Small,1,T3Q1,,18.4,
F5Small,1,T3Q1,,15.4,
F5Small,1,T3Q1,,18.8,
F5Small,1,T3Q1,,14.2,
F5Small,1,T3Q1,,13.3,
F5Small,1,T3Q2,,10.3,
F5Small,1,T3Q2,,10.7,
F5Small,1,T3Q2,,11.1,
F5Small,1,T3Q2,,14.3,
F5Small,1,T3Q2,,11.6,
F5Small,1,T3Q3,,13.6,
F5Small,1,T3Q3,,12.4,
F5Small,1,T3Q3,,9.8,
F5Small,1,T3Q3,,11.3,
F5Small,1,T3Q3,,6.2,
Montreal,1,T1Q1,,7.7,
Montreal,1,T1Q1,,9.6,
Montreal,1,T1Q1,,9.9,
Montreal,1,T1Q1,,9.4,
Montreal,1,T1Q1,,8,
Montreal,1,T1Q2,,5.3,
Montreal,1,T1Q2,,6.3,
Montreal,1,T1Q2,,6.6,
Montreal,1,T1Q2,,7,
Montreal,1,T1Q2,,6.2,
Montreal,1,T1Q3,,5.5,
Montreal,1,T1Q3,,5.4,
Montreal,1,T1Q3,,2.3,
Montreal,1,T1Q3,,4.3,
Montreal,1,T1Q3,,3.2,
Montreal,1,T2Q1,,11.3,
Montreal,1,T2Q1,,12.7,
Montreal,1,T2Q1,,15.7,
Montreal,1,T2Q1,,16.3,
Montreal,1,T2Q1,,9.9,
Montreal,1,T2Q2,,8.7,
Montreal,1,T2Q2,,12,
Montreal,1,T2Q2,,10.3,
Montreal,1,T2Q2,,7.6,
Montreal,1,T2Q2,,5.9,
Montreal,1,T2Q3,,6.1,
Montreal,1,T2Q3,,7.5,
Montreal,1,T2Q3,,6.2,
Montreal,1,T2Q3,,7.8,
Montreal,1,T2Q3,,6.1,
Montreal,1,T3Q1,,10.2,
Montreal,1,T3Q1,,6.7,
Montreal,1,T3Q1,,13.7,
Montreal,1,T3Q1,,6.8,
Montreal,1,T3Q1,,18.7,
Montreal,1,T3Q2,,11.2,
Montreal,1,T3Q2,,8.3,
Montreal,1,T3Q2,,7.4,
Montreal,1,T3Q2,,8.3,
Montreal,1,T3Q2,,11.5,
Montreal,1,T3Q3,,5.9,
Montreal,1,T3Q3,,6.2,
Montreal,1,T3Q3,,4.7,
Montreal,1,T3Q3,,6.5,
Montreal,1,T3Q3,,6.3,
E2,1,T1Q1,,20.1,
E2,1,T1Q1,,12.7,
E2,1,T1Q1,,14.2,
E2,1,T1Q1,,12,
E2,1,T1Q1,,14.1,
E2,1,T1Q2,,11.8,
E2,1,T1Q2,,10.2,
E2,1,T1Q2,,10.2,
E2,1,T1Q2,,10.9,
E2,1,T1Q2,,12.1,
E2,1,T1Q3,,8.8,
E2,1,T1Q3,,9.3,
E2,1,T1Q3,,9.1,
E2,1,T1Q3,,7.6,
E2,1,T1Q3,,7.3,
E2,1,T2Q1,,21.7,
E2,1,T2Q1,,22,
E2,1,T2Q1,,24,
E2,1,T2Q1,,19.2,
E2,1,T2Q1,,15,
E2,1,T2Q2,,9.6,
E2,1,T2Q2,,13,
E2,1,T2Q2,,10.9,
E2,1,T2Q2,,6.9,
E2,1,T2Q2,,8.5,
E2,1,T2Q3,,12,
E2,1,T2Q3,,6.3,
E2,1,T2Q3,,9.2,
E2,1,T2Q3,,7.5,
E2,1,T2Q3,,6.1,
E2,1,T3Q1,,17.9,
E2,1,T3Q1,,18.5,
E2,1,T3Q1,,16.6,
E2,1,T3Q1,,16,
E2,1,T3Q1,,18,
E2,1,T3Q2,,7.8,
E2,1,T3Q2,,8.4,
E2,1,T3Q2,,9.8,
E2,1,T3Q2,,8.7,
E2,1,T3Q2,,5.9,
E2,1,T3Q3,,12.8,
E2,1,T3Q3,,12.1,
E2,1,T3Q3,,9.2,
E2,1,T3Q3,,9.3,
E2,1,T3Q3,,5.3,
57,1,T1Q1,,12.4,
57,1,T1Q1,,15.9,
57,1,T1Q1,,14.2,
57,1,T1Q1,,11.4,
57,1,T1Q1,,15.4,
57,1,T1Q2,,14.8,
57,1,T1Q2,,11.7,
57,1,T1Q2,,6.4,
57,1,T1Q2,,9.9,
57,1,T1Q2,,13.5,
57,1,T1Q3,,15.1,
57,1,T1Q3,,8,
57,1,T1Q3,,7.4,
57,1,T1Q3,,10.3,
57,1,T1Q3,,10.1,
57,1,T2Q1,,13,
57,1,T2Q1,,19.1,
57,1,T2Q1,,11.2,
57,1,T2Q1,,13.2,
57,1,T2Q1,,9.5,
57,1,T2Q2,,15.9,
57,1,T2Q2,,11.2,
57,1,T2Q2,,10.2,
57,1,T2Q2,,12,
57,1,T2Q2,,7.8,
57,1,T2Q3,,12.2,
57,1,T2Q3,,11,
57,1,T2Q3,,6.2,
57,1,T2Q3,,8.9,
57,1,T2Q3,,9.4,
57,1,T3Q1,,13.2,
57,1,T3Q1,,16.5,
57,1,T3Q1,,11.9,
57,1,T3Q1,,9.6,
57,1,T3Q1,,15.6,
57,1,T3Q2,,10.1,
57,1,T3Q2,,11.4,
57,1,T3Q2,,6.3,
57,1,T3Q2,,9.5,
57,1,T3Q2,,6.3,
57,1,T3Q3,,6.2,
57,1,T3Q3,,7.7,
57,1,T3Q3,,10,
57,1,T3Q3,,8.5,
57,1,T3Q3,,7.4,
74Tall,1,T1Q1,,11.6,
74Tall,1,T1Q1,,9.4,
74Tall,1,T1Q1,,18.4,
74Tall,1,T1Q1,,14,
74Tall,1,T1Q1,,19.2,
74Tall,1,T1Q2,,9.2,
74Tall,1,T1Q2,,6.5,
74Tall,1,T1Q2,,7,
74Tall,1,T1Q2,,4.3,
74Tall,1,T1Q2,,11.3,
74Tall,1,T1Q3,,5.2,
74Tall,1,T1Q3,,8.3,
74Tall,1,T1Q3,,5,
74Tall,1,T1Q3,,5.6,
74Tall,1,T1Q3,,5,
74Tall,1,T2Q1,,19.5,
74Tall,1,T2Q1,,19,
74Tall,1,T2Q1,,13.4,
74Tall,1,T2Q1,,16.4,
74Tall,1,T2Q1,,12.8,
74Tall,1,T2Q2,,13,
74Tall,1,T2Q2,,11.4,
74Tall,1,T2Q2,,12.2,
74Tall,1,T2Q2,,12.1,
74Tall,1,T2Q2,,12,
74Tall,1,T2Q3,,8.4,
74Tall,1,T2Q3,,12.2,
74Tall,1,T2Q3,,11,
74Tall,1,T2Q3,,8.5,
74Tall,1,T2Q3,,8.6,
74Tall,1,T3Q1,,16.2,
74Tall,1,T3Q1,,16.8,
74Tall,1,T3Q1,,18.2,
74Tall,1,T3Q1,,13,
74Tall,1,T3Q1,,16.4,
74Tall,1,T3Q2,,9.2,
74Tall,1,T3Q2,,6.8,
74Tall,1,T3Q2,,16.2,
74Tall,1,T3Q2,,7.4,
74Tall,1,T3Q2,,9.5,
74Tall,1,T3Q3,,6.4,
74Tall,1,T3Q3,,12.3,
74Tall,1,T3Q3,,7,
74Tall,1,T3Q3,,7.6,
74Tall,1,T3Q3,,7.6,
NF17,1,T1Q1,,14.9,
NF17,1,T1Q1,,17.4,
NF17,1,T1Q1,,8.6,
NF17,1,T1Q1,,13.4,
NF17,1,T1Q1,,16.8,
NF17,1,T1Q2,,11,
NF17,1,T1Q2,,11.1,
NF17,1,T1Q2,,9.7,
NF17,1,T1Q2,,11.6,
NF17,1,T1Q2,,10,
NF17,1,T1Q3,,9.2,
NF17,1,T1Q3,,6.4,
NF17,1,T1Q3,,8.6,
NF17,1,T1Q3,,7.6,
NF17,1,T1Q3,,8,
NF17,1,T2Q1,,17.6,
NF17,1,T2Q1,,19.6,
NF17,1,T2Q1,,20.6,
NF17,1,T2Q1,,17.2,
NF17,1,T2Q1,,16.9,
NF17,1,T2Q2,,10.7,
NF17,1,T2Q2,,12.3,
NF17,1,T2Q2,,15.2,
NF17,1,T2Q2,,13.6,
NF17,1,T2Q2,,13.8,
NF17,1,T2Q3,,8.9,
NF17,1,T2Q3,,7.4,
NF17,1,T2Q3,,13.9,
NF17,1,T2Q3,,12.4,
NF17,1,T2Q3,,8.6,
NF17,1,T3Q1,,16.6,
NF17,1,T3Q1,,15.8,
NF17,1,T3Q1,,14.8,
NF17,1,T3Q1,,19.7,
NF17,1,T3Q1,,23.1,
NF17,1,T3Q2,,13.9,
NF17,1,T3Q2,,13.4,
NF17,1,T3Q2,,12.6,
NF17,1,T3Q2,,14.6,
NF17,1,T3Q2,,14.2,
NF17,1,T3Q3,,6.6,
NF17,1,T3Q3,,12.2,
NF17,1,T3Q3,,10.8,
NF17,1,T3Q3,,8.6,
NF17,1,T3Q3,,10.6,
LS02,1,T1Q1,,25.6,
LS02,1,T1Q1,,17.5,
LS02,1,T1Q1,,12.3,
LS02,1,T1Q1,,17.4,
LS02,1,T1Q1,,24.4,
LS02,1,T1Q2,,10.4,
LS02,1,T1Q2,,9.9,
LS02,1,T1Q2,,8,
LS02,1,T1Q2,,14.5,
LS02,1,T1Q2,,10.3,
LS02,1,T1Q3,,7.4,
LS02,1,T1Q3,,7.2,
LS02,1,T1Q3,,5.7,
LS02,1,T1Q3,,6.7,
LS02,1,T1Q3,,9.7,
LS02,1,T2Q1,,21.6,
LS02,1,T2Q1,,13.2,
LS02,1,T2Q1,,17.1,
LS02,1,T2Q1,,23.6,
LS02,1,T2Q1,,27.6,
LS02,1,T2Q2,,10.2,
LS02,1,T2Q2,,9.8,
LS02,1,T2Q2,,12.2,
LS02,1,T2Q2,,15.8,
LS02,1,T2Q2,,12,
LS02,1,T2Q3,,6.4,
LS02,1,T2Q3,,5.5,
LS02,1,T2Q3,,5,
LS02,1,T2Q3,,4.5,
LS02,1,T2Q3,,5.6,
LS02,1,T3Q1,,15.2,
LS02,1,T3Q1,,17.6,
LS02,1,T3Q1,,19.2,
LS02,1,T3Q1,,18.9,
LS02,1,T3Q1,,19.9,
LS02,1,T3Q2,,11.4,
LS02,1,T3Q2,,9.1,
LS02,1,T3Q2,,10,
LS02,1,T3Q2,,8.3,
LS02,1,T3Q2,,10.6,
LS02,1,T3Q3,,8.7,
LS02,1,T3Q3,,10.3,
LS02,1,T3Q3,,9.1,
LS02,1,T3Q3,,9.8,
LS02,1,T3Q3,,9,
Check3,1,T1Q1,,11.9,
Check3,1,T1Q1,,12.3,
Check3,1,T1Q1,,12.4,
Check3,1,T1Q1,,10.9,
Check3,1,T1Q1,,12.2,
Check3,1,T1Q2,,6.9,
Check3,1,T1Q2,,8.5,
Check3,1,T1Q2,,9.1,
Check3,1,T1Q2,,8.8,
Check3,1,T1Q2,,13.8,
Check3,1,T1Q3,,6,
Check3,1,T1Q3,,10.3,
Check3,1,T1Q3,,6.9,
Check3,1,T1Q3,,6,
Check3,1,T1Q3,,8.3,
Check3,1,T2Q1,,15.2,
Check3,1,T2Q1,,12,
Check3,1,T2Q1,,10.7,
Check3,1,T2Q1,,16.5,
Check3,1,T2Q1,,11.5,
Check3,1,T2Q2,,13.4,
Check3,1,T2Q2,,11.1,
Check3,1,T2Q2,,11.1,
Check3,1,T2Q2,,10.6,
Check3,1,T2Q2,,10.3,
Check3,1,T2Q3,,6.5,
Check3,1,T2Q3,,7.3,
Check3,1,T2Q3,,8.9,
Check3,1,T2Q3,,8.8,
Check3,1,T2Q3,,11,
Check3,1,T3Q1,,14.3,
Check3,1,T3Q1,,16.1,
Check3,1,T3Q1,,15.6,
Check3,1,T3Q1,,17.9,
Check3,1,T3Q1,,21.7,
Check3,1,T3Q2,,11.3,
Check3,1,T3Q2,,12,
Check3,1,T3Q2,,13.8,
Check3,1,T3Q2,,19.2,
Check3,1,T3Q2,,10.8,
Check3,1,T3Q3,,11.3,
Check3,1,T3Q3,,12,
Check3,1,T3Q3,,9.5,
Check3,1,T3Q3,,9.5,
Check3,1,T3Q3,,7,
119,1,T1Q1,,10.4,
119,1,T1Q1,,7.7,
119,1,T1Q1,,9.8,
119,1,T1Q1,,8,
119,1,T1Q1,,9.5,
119,1,T1Q2,,9.3,
119,1,T1Q2,,8,
119,1,T1Q2,,11.2,
119,1,T1Q2,,6.7,
119,1,T1Q2,,7.2,
119,1,T1Q3,,9.3,
119,1,T1Q3,,8.6,
119,1,T1Q3,,8.3,
119,1,T1Q3,,7.9,
119,1,T1Q3,,7.9,
119,1,T2Q1,,14.5,
119,1,T2Q1,,17.4,
119,1,T2Q1,,14.7,
119,1,T2Q1,,22.7,
119,1,T2Q1,,18.5,
119,1,T2Q2,,9.3,
119,1,T2Q2,,8.7,
119,1,T2Q2,,10.5,
119,1,T2Q2,,12.3,
119,1,T2Q2,,13.1,
119,1,T2Q3,,6.1,
119,1,T2Q3,,9.8,
119,1,T2Q3,,10.4,
119,1,T2Q3,,8.1,
119,1,T2Q3,,11.2,
119,1,T3Q1,,9,
119,1,T3Q1,,13.7,
119,1,T3Q1,,13.1,
119,1,T3Q1,,7.8,
119,1,T3Q1,,8.3,
119,1,T3Q2,,7.4,
119,1,T3Q2,,8.1,
119,1,T3Q2,,6.2,
119,1,T3Q2,,7.1,
119,1,T3Q2,,7.8,
119,1,T3Q3,,8.7,
119,1,T3Q3,,7.2,
119,1,T3Q3,,8,
119,1,T3Q3,,13.6,
Josh,1,T3Q3,,10.1,
Josh,1,T1Q1,,6.8,
Josh,1,T1Q1,,11.5,
Josh,1,T1Q1,,10.3,
Josh,1,T1Q1,,10.7,
Josh,1,T1Q1,,8.9,
Josh,1,T1Q2,,14.8,
Josh,1,T1Q2,,9,
Josh,1,T1Q2,,7.3,
Josh,1,T1Q2,,6.7,
Josh,1,T1Q2,,9.2,
Josh,1,T1Q3,,8.5,
Josh,1,T1Q3,,9.4,
Josh,1,T1Q3,,9.4,
Josh,1,T1Q3,,10.1,
Josh,1,T1Q3,,8.6,
Josh,1,T2Q1,,7.8,
Josh,1,T2Q1,,11,
Josh,1,T2Q1,,9.2,
Josh,1,T2Q1,,12.9,
Josh,1,T2Q1,,8.7,
Josh,1,T2Q2,,11.3,
Josh,1,T2Q2,,9.9,
Josh,1,T2Q2,,9.2,
Josh,1,T2Q2,,8.6,
Josh,1,T2Q2,,10.2,
Josh,1,T2Q3,,6.8,
Josh,1,T2Q3,,8.3,
Josh,1,T2Q3,,6.9,
Josh,1,T2Q3,,6,
Josh,1,T2Q3,,6.2,
Josh,1,T3Q1,,8.6,
Josh,1,T3Q1,,11.6,
Josh,1,T3Q1,,10.8,
Josh,1,T3Q1,,9.1,
Josh,1,T3Q1,,9.8,
Josh,1,T3Q2,,8.7,
Josh,1,T3Q2,,8.4,
Josh,1,T3Q2,,10.7,
Josh,1,T3Q2,,7.7,
Josh,1,T3Q2,,9.7,
Josh,1,T3Q3,,10.9,
Josh,1,T3Q3,,7.2,
Josh,1,T3Q3,,7.3,
Josh,1,T3Q3,,8.8,
Josh,1,T3Q3,,9.1,
Lakeisha,1,T1Q1,,13.4,
Lakeisha,1,T1Q1,,22.6,
Lakeisha,1,T1Q1,,22.5,
Lakeisha,1,T1Q1,,20.3,
Lakeisha,1,T1Q1,,20.9,
Lakeisha,1,T1Q2,,9,
Lakeisha,1,T1Q2,,9.3,
Lakeisha,1,T1Q2,,12.3,
Lakeisha,1,T1Q2,,13,
Lakeisha,1,T1Q2,,10.8,
Lakeisha,1,T1Q3,,9,
Lakeisha,1,T1Q3,,8.8,
Lakeisha,1,T1Q3,,12.4,
Lakeisha,1,T1Q3,,11.4,
Lakeisha,1,T1Q3,,14.3,
Lakeisha,1,T2Q1,,23,
Lakeisha,1,T2Q1,,22.4,
Lakeisha,1,T2Q1,,25.8,
Lakeisha,1,T2Q1,,20.8,
Lakeisha,1,T2Q1,,22.6,
Lakeisha,1,T2Q2,,13.8,
Lakeisha,1,T2Q2,,14.2,
Lakeisha,1,T2Q2,,11.6,
Lakeisha,1,T2Q2,,16.6,
Lakeisha,1,T2Q2,,12.4,
Lakeisha,1,T2Q3,,10.8,
Lakeisha,1,T2Q3,,9.2,
Lakeisha,1,T2Q3,,8.7,
Lakeisha,1,T2Q3,,12.6,
Lakeisha,1,T2Q3,,16.5,
Lakeisha,1,T3Q1,,20.3,
Lakeisha,1,T3Q1,,21,
Lakeisha,1,T3Q1,,16,
Lakeisha,1,T3Q1,,21,
Lakeisha,1,T3Q1,,19.8,
Lakeisha,1,T3Q2,,10.4,
Lakeisha,1,T3Q2,,11.2,
Lakeisha,1,T3Q2,,10.8,
Lakeisha,1,T3Q2,,9,
Lakeisha,1,T3Q2,,7.3,
Lakeisha,1,T3Q3,,9.2,
Lakeisha,1,T3Q3,,12.2,
Lakeisha,1,T3Q3,,12.4,
Lakeisha,1,T3Q3,,13.2,
Lakeisha,1,T3Q3,,11.6,
Cow,1,T1Q1,,13.9,
Cow,1,T1Q1,,8.8,
Cow,1,T1Q1,,10.5,
Cow,1,T1Q1,,11.9,
Cow,1,T1Q1,,11,
Cow,1,T1Q2,,6,
Cow,1,T1Q2,,12.4,
Cow,1,T1Q2,,11.1,
Cow,1,T1Q2,,10,
Cow,1,T1Q2,,12,
Cow,1,T1Q3,,8.5,
Cow,1,T1Q3,,9,
Cow,1,T1Q3,,10,
Cow,1,T1Q3,,10.4,
Cow,1,T1Q3,,11.3,
Cow,1,T2Q1,,10,
Cow,1,T2Q1,,13.9,
Cow,1,T2Q1,,11.8,
Cow,1,T2Q1,,13.4,
Cow,1,T2Q1,,14.6,
Cow,1,T2Q2,,8.9,
Cow,1,T2Q2,,10.4,
Cow,1,T2Q2,,11.5,
Cow,1,T2Q2,,12.4,
Cow,1,T2Q2,,7.7,
Cow,1,T2Q3,,8.2,
Cow,1,T2Q3,,11.3,
Cow,1,T2Q3,,8,
Cow,1,T2Q3,,8.5,
Cow,1,T2Q3,,8.8,
Cow,1,T3Q1,,11.5,
Cow,1,T3Q1,,14.8,
Cow,1,T3Q1,,10,
Cow,1,T3Q1,,10.8,
Cow,1,T3Q1,,12.9,
Cow,1,T3Q2,,15.6,
Cow,1,T3Q2,,11.3,
Cow,1,T3Q2,,9.3,
Cow,1,T3Q2,,9.7,
Cow,1,T3Q2,,10.8,
Cow,1,T3Q3,,6.6,
Cow,1,T3Q3,,10.6,
Cow,1,T3Q3,,8.3,
Cow,1,T3Q3,,12.8,
Cow,1,T3Q3,,9.8,
Cooda,1,T1Q1,,14.3,
Cooda,1,T1Q1,,10.4,
Cooda,1,T1Q1,,16.1,
Cooda,1,T1Q1,,13.4,
Cooda,1,T1Q1,,12.6,
Cooda,1,T1Q2,,11.8,
Cooda,1,T1Q2,,8.9,
Cooda,1,T1Q2,,9.2,
Cooda,1,T1Q2,,9.6,
Cooda,1,T1Q2,,11.8,
Cooda,1,T1Q3,,8.6,
Cooda,1,T1Q3,,10.5,
Cooda,1,T1Q3,,9.1,
Cooda,1,T1Q3,,10.3,
Cooda,1,T1Q3,,9.8,
Cooda,1,T2Q1,,13.6,
Cooda,1,T2Q1,,13.9,
Cooda,1,T2Q1,,14.6,
Cooda,1,T2Q1,,9.3,
Cooda,1,T2Q1,,11.6,
Cooda,1,T2Q2,,12.7,
Cooda,1,T2Q2,,10.4,
Cooda,1,T2Q2,,11.8,
Cooda,1,T2Q2,,7.4,
Cooda,1,T2Q2,,6.8,
Cooda,1,T2Q3,,7.6,
Cooda,1,T2Q3,,7.6,
Cooda,1,T2Q3,,5.2,
Cooda,1,T2Q3,,7.7,
Cooda,1,T2Q3,,8.9,
Cooda,1,T3Q1,,7.5,
Cooda,1,T3Q1,,8.4,
Cooda,1,T3Q1,,12.6,
Cooda,1,T3Q1,,8.4,
Cooda,1,T3Q1,,9.5,
Cooda,1,T3Q2,,8.4,
Cooda,1,T3Q2,,9.8,
Cooda,1,T3Q2,,5,
Cooda,1,T3Q2,,8.6,
Cooda,1,T3Q2,,4.1,
Cooda,1,T3Q3,,12.3,
Cooda,1,T3Q3,,8.9,
Cooda,1,T3Q3,,7.5,
Cooda,1,T3Q3,,8.9,
Cooda,1,T3Q3,,13.8,
IMC,1,T1Q1,,10,
IMC,1,T1Q1,,12.6,
IMC,1,T1Q1,,13.7,
IMC,1,T1Q1,,15.8,
IMC,1,T1Q1,,11,
IMC,1,T1Q2,,10.9,
IMC,1,T1Q2,,10.8,
IMC,1,T1Q2,,11.4,
IMC,1,T1Q2,,15.8,
IMC,1,T1Q2,,12.9,
IMC,1,T1Q3,,8.3,
IMC,1,T1Q3,,8.3,
IMC,1,T1Q3,,7.3,7
IMC,1,T1Q3,,7.2,
IMC,1,T1Q3,,7.6,
IMC,1,T2Q1,,9.3,
IMC,1,T2Q1,,9.6,
IMC,1,T2Q1,,11.6,
IMC,1,T2Q1,,9.7,
IMC,1,T2Q1,,8.3,
IMC,1,T2Q2,,7.6,
IMC,1,T2Q2,,12,
IMC,1,T2Q2,,12.3,
IMC,1,T2Q2,,8,
IMC,1,T2Q2,,8.5,
IMC,1,T2Q3,,9.6,
IMC,1,T2Q3,,11.2,
IMC,1,T2Q3,,13.8,
IMC,1,T2Q3,,11.6,
IMC,1,T2Q3,,10.9,
IMC,1,T3Q1,,6.1,
IMC,1,T3Q1,,11.8,
IMC,1,T3Q1,,9.8,
IMC,1,T3Q1,,9.6,
IMC,1,T3Q1,,10.4,
IMC,1,T3Q2,,7.9,
IMC,1,T3Q2,,9.8,
IMC,1,T3Q2,,8.4,
IMC,1,T3Q2,,13.8,
IMC,1,T3Q2,,8.2,
IMC,1,T3Q3,,9.6,
IMC,1,T3Q3,,9.3,
IMC,1,T3Q3,,6.6,
IMC,1,T3Q3,,7.7,
IMC,1,T3Q3,,8.6,
Calgary,1,T1Q1,,23.4,
Calgary,1,T1Q1,,23,
Calgary,1,T1Q1,,17.6,
Calgary,1,T1Q1,,21,
Calgary,1,T1Q1,,22.9,
Calgary,1,T1Q2,,13.2,
Calgary,1,T1Q2,,11.8,
Calgary,1,T1Q2,,10.2,
Calgary,1,T1Q2,,17.1,
Calgary,1,T1Q2,,11.5,
Calgary,1,T1Q3,,13.4,
Calgary,1,T1Q3,,6.7,
Calgary,1,T1Q3,,9.1,
Calgary,1,T1Q3,,9.9,
Calgary,1,T1Q3,,9.7,
Calgary,1,T2Q1,,18.1,
Calgary,1,T2Q1,,17.9,
Calgary,1,T2Q1,,26.9,
Calgary,1,T2Q1,,14.2,
Calgary,1,T2Q1,,10.4,
Calgary,1,T2Q2,,15.2,
Calgary,1,T2Q2,,21,
Calgary,1,T2Q2,,17.7,
Calgary,1,T2Q2,,13.4,
Calgary,1,T2Q2,,12.5,
Calgary,1,T2Q3,,8.7,
Calgary,1,T2Q3,,10.1,
Calgary,1,T2Q3,,10,
Calgary,1,T2Q3,,11.1,
Calgary,1,T2Q3,,12.4,
Calgary,1,T3Q1,,11.6,
Calgary,1,T3Q1,,21.2,
Calgary,1,T3Q1,,15.3,
Calgary,1,T3Q1,,19.9,
Calgary,1,T3Q1,,20.8,
Calgary,1,T3Q2,,13,
Calgary,1,T3Q2,,12.1,
Calgary,1,T3Q2,,11.6,
Calgary,1,T3Q2,,11.9,
Calgary,1,T3Q2,,10.4,
Calgary,1,T3Q3,,9.1,
Calgary,1,T3Q3,,8.4,
Calgary,1,T3Q3,,9.9,
Calgary,1,T3Q3,,8.3,
Calgary,1,T3Q3,,10.1,
96,1,T1Q1,,19.8,
96,1,T1Q1,,14.8,
96,1,T1Q1,,24.7,
96,1,T1Q1,,19.7,
96,1,T1Q1,,22.3,
96,1,T1Q2,,13.4,
96,1,T1Q2,,11.1,
96,1,T1Q2,,9.4,
96,1,T1Q2,,13.8,
96,1,T1Q2,,10.2,
96,1,T1Q3,,10.7,
96,1,T1Q3,,7.2,
96,1,T1Q3,,9.5,
96,1,T1Q3,,9.8,
96,1,T1Q3,,8.5,
96,1,T2Q1,,21.2,
96,1,T2Q1,,18.7,
96,1,T2Q1,,19.2,
96,1,T2Q1,,18.4,
96,1,T2Q1,,14.6,
96,1,T2Q2,,17.2,
96,1,T2Q2,,16,
96,1,T2Q2,,11.4,
96,1,T2Q2,,13.6,
96,1,T2Q2,,11.6,
96,1,T2Q3,,9.3,
96,1,T2Q3,,8.2,
96,1,T2Q3,,18.8,
96,1,T2Q3,,11.8,
96,1,T2Q3,,5.5,
96,1,T3Q1,,13.4,
96,1,T3Q1,,16.9,
96,1,T3Q1,,15.7,
96,1,T3Q1,,12.5,
96,1,T3Q1,,13.5,
96,1,T3Q2,,12.8,
96,1,T3Q2,,7.5,
96,1,T3Q2,,18,
96,1,T3Q2,,14.2,
96,1,T3Q2,,11.8,
96,1,T3Q3,,12.1,
96,1,T3Q3,,6.7,
96,1,T3Q3,,11.4,
96,1,T3Q3,,9.4,
96,1,T3Q3,,12.2,
Check1,1,T1Q1,,18.1,
Check1,1,T1Q1,,21.3,
Check1,1,T1Q1,,20.6,
Check1,1,T1Q1,,26.1,
Check1,1,T1Q1,,18.8,
Check1,1,T1Q2,,12.6,
Check1,1,T1Q2,,18.5,
Check1,1,T1Q2,,13.6,
Check1,1,T1Q2,,9.3,
Check1,1,T1Q2,,12.1,
Check1,1,T1Q3,,10.3,
Check1,1,T1Q3,,11.5,
Check1,1,T1Q3,,7.7,
Check1,1,T1Q3,,12.8,
Check1,1,T1Q3,,12.7,
Check1,1,T2Q1,,33.9,
Check1,1,T2Q1,,20.4,
Check1,1,T2Q1,,26.5,
Check1,1,T2Q1,,25.1,
Check1,1,T2Q1,,15.8,
Check1,1,T2Q2,,10.1,
Check1,1,T2Q2,,11.1,
Check1,1,T2Q2,,12.9,
Check1,1,T2Q2,,8.8,
Check1,1,T2Q2,,13.5,
Check1,1,T2Q3,,9.3,
Check1,1,T2Q3,,12.8,
Check1,1,T2Q3,,12,
Check1,1,T2Q3,,12.1,
Check1,1,T2Q3,,7.3,
Check1,1,T3Q1,,18.4,
Check1,1,T3Q1,,21.4,
Check1,1,T3Q1,,18.4,
Check1,1,T3Q1,,14.1,
Check1,1,T3Q1,,20.8,
Check1,1,T3Q2,,12.8,
Check1,1,T3Q2,,10.6,
Check1,1,T3Q2,,15.3,
Check1,1,T3Q2,,16.8,
Check1,1,T3Q2,,18.1,
Check1,1,T3Q3,,18.2,
Check1,1,T3Q3,,15.3,
Check1,1,T3Q3,,19,
Check1,1,T3Q3,,22.6,
Check1,1,T3Q3,,12.3,
Check5,1,T1Q1,,15.3,
Check5,1,T1Q1,,17.3,
Check5,1,T1Q1,,18.4,
Check5,1,T1Q1,,16.7,
Check5,1,T1Q1,,14.5,
Check5,1,T1Q2,,10.6,
Check5,1,T1Q2,,8.9,
Check5,1,T1Q2,,7.7,
Check5,1,T1Q2,,10.4,
Check5,1,T1Q2,,11.7,
Check5,1,T1Q3,,7.8,
Check5,1,T1Q3,,8,
Check5,1,T1Q3,,6.7,
Check5,1,T1Q3,,9.4,
Check5,1,T1Q3,,9.2,
Check5,1,T2Q1,,11.4,
Check5,1,T2Q1,,11.5,
Check5,1,T2Q1,,15.3,
Check5,1,T2Q1,,12.2,
Check5,1,T2Q1,,17.2,
Check5,1,T2Q2,,8.8,
Check5,1,T2Q2,,10.5,
Check5,1,T2Q2,,9.3,
Check5,1,T2Q2,,13,
Check5,1,T2Q2,,14.4,
Check5,1,T2Q3,,6.7,
Check5,1,T2Q3,,7.3,
Check5,1,T2Q3,,7.6,
Check5,1,T2Q3,,8.7,
Check5,1,T2Q3,,5,
Check5,1,T3Q1,,22.3,
Check5,1,T3Q1,,18.4,
Check5,1,T3Q1,,23.1,
Check5,1,T3Q1,,19.8,
Check5,1,T3Q1,,29.1,
Check5,1,T3Q2,,11.1,
Check5,1,T3Q2,,11.8,
Check5,1,T3Q2,,10,
Check5,1,T3Q2,,13.8,
Check5,1,T3Q2,,9.1,
Check5,1,T3Q3,,9.5,
Check5,1,T3Q3,,10.9,
Check5,1,T3Q3,,8.5,
Check5,1,T3Q3,,6.1,
Check5,1,T3Q3,,7.6,
Biscuit,1,T1Q1,,14.6,
Biscuit,1,T1Q1,,14.4,
Biscuit,1,T1Q1,,27.2,
Biscuit,1,T1Q1,,13.4,
Biscuit,1,T1Q1,,24,
Biscuit,1,T1Q2,,7.4,
Biscuit,1,T1Q2,,6.1,
Biscuit,1,T1Q2,,8.3,
Biscuit,1,T1Q2,,9,
Biscuit,1,T1Q2,,8.6,
Biscuit,1,T1Q3,,8.6,
Biscuit,1,T1Q3,,6,
Biscuit,1,T1Q3,,6.4,
Biscuit,1,T1Q3,,8.3,
Biscuit,1,T1Q3,,7.2,
Biscuit,1,T2Q1,,11.4,
Biscuit,1,T2Q1,,11.6,
Biscuit,1,T2Q1,,11.6,
Biscuit,1,T2Q1,,15,
Biscuit,1,T2Q1,,11.1,
Biscuit,1,T2Q2,,7.3,
Biscuit,1,T2Q2,,6.4,
Biscuit,1,T2Q2,,10.3,
Biscuit,1,T2Q2,,11.2,
Biscuit,1,T2Q2,,12.6,
Biscuit,1,T2Q3,,6.9,
Biscuit,1,T2Q3,,8.4,
Biscuit,1,T2Q3,,6,
Biscuit,1,T2Q3,,10.6,
Biscuit,1,T2Q3,,6.7,
Biscuit,1,T3Q1,,28,
Biscuit,1,T3Q1,,20.5,
Biscuit,1,T3Q1,,12.3,
Biscuit,1,T3Q1,,16.4,
Biscuit,1,T3Q1,,25.8,
Biscuit,1,T3Q2,,24.3,
Biscuit,1,T3Q2,,17.4,
Biscuit,1,T3Q2,,24.9,
Biscuit,1,T3Q2,,20.4,
Biscuit,1,T3Q2,,23.4,
Biscuit,1,T3Q3,,4.4,
Biscuit,1,T3Q3,,6.2,
Biscuit,1,T3Q3,,5.4,
Biscuit,1,T3Q3,,5.7,
Biscuit,1,T3Q3,,6.8,
90S,1,T1Q1,,16.4,
90S,1,T1Q1,,14.2,
90S,1,T1Q1,,13.6,
90S,1,T1Q1,,16.8,
90S,1,T1Q1,,13.1,
90S,1,T1Q2,,8.5,
90S,1,T1Q2,,7.8,
90S,1,T1Q2,,8,
90S,1,T1Q2,,9.8,
90S,1,T1Q2,,10.3,
90S,1,T1Q3,,14.6,
90S,1,T1Q3,,14.8,
90S,1,T1Q3,,11.7,
90S,1,T1Q3,,6.9,
90S,1,T1Q3,,9.3,
90S,1,T2Q1,,8.5,
90S,1,T2Q1,,14.5,
90S,1,T2Q1,,16.1,
90S,1,T2Q1,,9.7,
90S,1,T2Q1,,15.6,
90S,1,T2Q2,,8.4,
90S,1,T2Q2,,8.9,
90S,1,T2Q2,,8.8,
90S,1,T2Q2,,9.8,
90S,1,T2Q2,,8.3,
90S,1,T2Q3,,10.6,
90S,1,T2Q3,,13.7,
90S,1,T2Q3,,12.3,
90S,1,T2Q3,,15,
90S,1,T2Q3,,9.7,
90S,1,T3Q1,,12.5,
90S,1,T3Q1,,15.9,
90S,1,T3Q1,,13.1,
90S,1,T3Q1,,9.8,
90S,1,T3Q1,,16.6,
90S,1,T3Q2,,10.2,
90S,1,T3Q2,,9.1,
90S,1,T3Q2,,17,
90S,1,T3Q2,,12.9,
90S,1,T3Q2,,17.6,
90S,1,T3Q3,,16.1,
90S,1,T3Q3,,8.8,
90S,1,T3Q3,,12.9,
90S,1,T3Q3,,9.8,
90S,1,T3Q3,,11.2,
NF15,1,T1Q1,,14.6,
NF15,1,T1Q1,,22.5,
NF15,1,T1Q1,,27.9,
NF15,1,T1Q1,,23.6,
NF15,1,T1Q1,,24,
NF15,1,T1Q2,,13.3,
NF15,1,T1Q2,,12.3,
NF15,1,T1Q2,,11.8,
NF15,1,T1Q2,,14.6,
NF15,1,T1Q2,,15.2,
NF15,1,T1Q3,,7.4,
NF15,1,T1Q3,,11.6,
NF15,1,T1Q3,,8.3,
NF15,1,T1Q3,,8.8,
NF15,1,T1Q3,,7.3,
NF15,1,T2Q1,,19.7,
NF15,1,T2Q1,,15.6,
NF15,1,T2Q1,,21.3,
NF15,1,T2Q1,,23.6,
NF15,1,T2Q1,,17.4,
NF15,1,T2Q2,,12.6,
NF15,1,T2Q2,,11.8,
NF15,1,T2Q2,,10.7,
NF15,1,T2Q2,,13.8,
NF15,1,T2Q2,,14.5,
NF15,1,T2Q3,,7.3,
NF15,1,T2Q3,,6.7,
NF15,1,T2Q3,,10.4,
NF15,1,T2Q3,,8.1,
NF15,1,T2Q3,,11.6,
NF15,1,T3Q1,,22,
NF15,1,T3Q1,,23.2,
NF15,1,T3Q1,,23.8,
NF15,1,T3Q1,,12.3,
NF15,1,T3Q1,,14.2,
NF15,1,T3Q2,,14.4,
NF15,1,T3Q2,,11.4,
NF15,1,T3Q2,,11.8,
NF15,1,T3Q2,,12.6,
NF15,1,T3Q2,,9.7,
NF15,1,T3Q3,,6.7,
NF15,1,T3Q3,,8.5,
NF15,1,T3Q3,,7,
NF15,1,T3Q3,,7.7,
NF15,1,T3Q3,,6.7,
Angel2,1,T1Q1,,9.7,
Angel2,1,T1Q1,,8.5,
Angel2,1,T1Q1,,10.3,
Angel2,1,T1Q1,,7,
Angel2,1,T1Q1,,7.3,
Angel2,1,T1Q2,,9.9,
Angel2,1,T1Q2,,9.4,
Angel2,1,T1Q2,,7.8,
Angel2,1,T1Q2,,9.9,
Angel2,1,T1Q2,,7.7,
Angel2,1,T1Q3,,6.5,
Angel2,1,T1Q3,,7,
Angel2,1,T1Q3,,7.1,
Angel2,1,T1Q3,,6.9,
Angel2,1,T1Q3,,7.2,
Angel2,1,T2Q1,,7.5,
Angel2,1,T2Q1,,6.9,
Angel2,1,T2Q1,,18.3,
Angel2,1,T2Q1,,13.9,
Angel2,1,T2Q1,,6.4,
Angel2,1,T2Q2,,10.2,
Angel2,1,T2Q2,,12.9,
Angel2,1,T2Q2,,6.4,
Angel2,1,T2Q2,,9,
Angel2,1,T2Q2,,7.6,
Angel2,1,T2Q3,,8.4,
Angel2,1,T2Q3,,9.4,
Angel2,1,T2Q3,,8.9,
Angel2,1,T2Q3,,8.6,
Angel2,1,T2Q3,,7.8,
Angel2,1,T3Q1,,7.5,
Angel2,1,T3Q1,,10.3,
Angel2,1,T3Q1,,12.1,
Angel2,1,T3Q1,,9.6,
Angel2,1,T3Q1,,12.7,
Angel2,1,T3Q2,,9.6,
Angel2,1,T3Q2,,11.2,
Angel2,1,T3Q2,,7.2,
Angel2,1,T3Q2,,11.8,
Angel2,1,T3Q2,,11.3,
Angel2,1,T3Q3,,6.5,
Angel2,1,T3Q3,,10.3,
Angel2,1,T3Q3,,9,
Angel2,1,T3Q3,,10.3,
Angel2,1,T3Q3,,6,
85,1,T1Q1,,23.3,
85,1,T1Q1,,10.2,
85,1,T1Q1,,13.1,
85,1,T1Q1,,12,
85,1,T1Q1,,20.4,
85,1,T1Q2,,10.2,
85,1,T1Q2,,10.3,
85,1,T1Q2,,10.1,
85,1,T1Q2,,8.5,
85,1,T1Q2,,8.1,
85,1,T1Q3,,8,
85,1,T1Q3,,8.3,
85,1,T1Q3,,7.2,
85,1,T1Q3,,12.1,
85,1,T1Q3,,10.3,
85,1,T2Q1,,14,
85,1,T2Q1,,14.8,
85,1,T2Q1,,9.1,
85,1,T2Q1,,7.5,
85,1,T2Q1,,14.5,
85,1,T2Q2,,8.5,
85,1,T2Q2,,13.4,
85,1,T2Q2,,9.5,
85,1,T2Q2,,6.5,
85,1,T2Q2,,10.9,
85,1,T2Q3,,6.8,
85,1,T2Q3,,10.8,
85,1,T2Q3,,9.6,
85,1,T2Q3,,12.6,
85,1,T2Q3,,11.7,
85,1,T3Q1,,10,
85,1,T3Q1,,10.7,
85,1,T3Q1,,15.7,
85,1,T3Q1,,19,
85,1,T3Q1,,18.9,
85,1,T3Q2,,14.7,
85,1,T3Q2,,10,
85,1,T3Q2,,8.3,
85,1,T3Q2,,8.6,
85,1,T3Q2,,9,
85,1,T3Q3,,7,
85,1,T3Q3,,7.5,
85,1,T3Q3,,11.8,
85,1,T3Q3,,9.1,
85,1,T3Q3,,8,
71,1,T1Q1,,24,
71,1,T1Q1,,11.7,
71,1,T1Q1,,18.4,
71,1,T1Q1,,17.6,
71,1,T1Q1,,16.7,
71,1,T1Q2,,16.6,
71,1,T1Q2,,17.4,
71,1,T1Q2,,17,
71,1,T1Q2,,17.2,
71,1,T1Q2,,18.1,
71,1,T1Q3,,10,
71,1,T1Q3,,10.6,
71,1,T1Q3,,10.4,
71,1,T1Q3,,11.9,
71,1,T1Q3,,11.2,
71,1,T2Q1,,16.2,
71,1,T2Q1,,16.4,
71,1,T2Q1,,10.9,
71,1,T2Q1,,10.1,
71,1,T2Q1,,10.7,
71,1,T2Q2,,8.9,
71,1,T2Q2,,15.4,
71,1,T2Q2,,9.1,
71,1,T2Q2,,10.5,
71,1,T2Q2,,7.4,
71,1,T2Q3,,7.3,
71,1,T2Q3,,10.5,
71,1,T2Q3,,10.6,
71,1,T2Q3,,11.2,
71,1,T2Q3,,9.2,
71,1,T3Q1,,26.4,
71,1,T3Q1,,23,
71,1,T3Q1,,27,
71,1,T3Q1,,24.3,
71,1,T3Q1,,36.7,
71,1,T3Q2,,14.2,
71,1,T3Q2,,14.1,
71,1,T3Q2,,13.6,
71,1,T3Q2,,10.3,
71,1,T3Q2,,11.3,
71,1,T3Q3,,13.9,
71,1,T3Q3,,10.7,
71,1,T3Q3,,8.5,
71,1,T3Q3,,7.4,
71,1,T3Q3,,8.5,
94Urchin,1,T1Q1,,15.4,
94Urchin,1,T1Q1,,15.6,
94Urchin,1,T1Q1,,17.6,
94Urchin,1,T1Q1,,12.4,
94Urchin,1,T1Q1,,18.4,
94Urchin,1,T1Q2,,10.3,
94Urchin,1,T1Q2,,7.4,
94Urchin,1,T1Q2,,8,
94Urchin,1,T1Q2,,7.9,
94Urchin,1,T1Q2,,7,
94Urchin,1,T1Q3,,8.3,
94Urchin,1,T1Q3,,6.3,
94Urchin,1,T1Q3,,5.5,
94Urchin,1,T1Q3,,6.8,
94Urchin,1,T1Q3,,6.7,
94Urchin,1,T2Q1,,19.6,
94Urchin,1,T2Q1,,18.4,
94Urchin,1,T2Q1,,19.3,
94Urchin,1,T2Q1,,21.8,
94Urchin,1,T2Q1,,22.4,
94Urchin,1,T2Q2,,10.7,
94Urchin,1,T2Q2,,12.6,
94Urchin,1,T2Q2,,11.1,
94Urchin,1,T2Q2,,10.3,
94Urchin,1,T2Q2,,10.8,
94Urchin,1,T2Q3,,7.4,
94Urchin,1,T2Q3,,8.6,
94Urchin,1,T2Q3,,7.5,
94Urchin,1,T2Q3,,6,
94Urchin,1,T2Q3,,10.4,
94Urchin,1,T3Q1,,15.5,
94Urchin,1,T3Q1,,16.2,
94Urchin,1,T3Q1,,16,
94Urchin,1,T3Q1,,14.2,
94Urchin,1,T3Q1,,11.5,
94Urchin,1,T3Q2,,17.4,
94Urchin,1,T3Q2,,19.4,
94Urchin,1,T3Q2,,12.1,
94Urchin,1,T3Q2,,8.8,
94Urchin,1,T3Q2,,10.8,
94Urchin,1,T3Q3,,12.6,
94Urchin,1,T3Q3,,8.4,
94Urchin,1,T3Q3,,13.8,
94Urchin,1,T3Q3,,7.2,
94Urchin,1,T3Q3,,11.8,
E1,1,T1Q1,,11.4,
E1,1,T1Q1,,8.4,
E1,1,T1Q1,,11.2,
E1,1,T1Q1,,10.1,
E1,1,T1Q1,,9.8,
E1,1,T1Q2,,7.2,
E1,1,T1Q2,,9.6,
E1,1,T1Q2,,7.3,
E1,1,T1Q2,,9.1,
E1,1,T1Q2,,8,
E1,1,T1Q3,,10.5,
E1,1,T1Q3,,12.3,
E1,1,T1Q3,,9.3,
E1,1,T1Q3,,12.5,
E1,1,T1Q3,,11.2,
E1,1,T2Q1,,10.3,
E1,1,T2Q1,,9.4,
E1,1,T2Q1,,10.1,
E1,1,T2Q1,,11.6,
E1,1,T2Q1,,9.6,
E1,1,T2Q2,,9.9,
E1,1,T2Q2,,9.6,
E1,1,T2Q2,,9.7,
E1,1,T2Q2,,10.9,
E1,1,T2Q2,,7.1,
E1,1,T2Q3,,7.4,
E1,1,T2Q3,,8.3,
E1,1,T2Q3,,10.7,
E1,1,T2Q3,,9.1,
E1,1,T2Q3,,8,
E1,1,T3Q1,,13.6,
E1,1,T3Q1,,12.8,
E1,1,T3Q1,,7.8,
E1,1,T3Q1,,11.1,
E1,1,T3Q1,,10.6,
E1,1,T3Q2,,11.6,
E1,1,T3Q2,,7.3,
E1,1,T3Q2,,6,
E1,1,T3Q2,,7.8,
E1,1,T3Q2,,10.2,
E1,1,T3Q3,,10.3,
E1,1,T3Q3,,8.7,
E1,1,T3Q3,,9.8,
E1,1,T3Q3,,10.2,
E1,1,T3Q3,,10.1,
FFA,1,T1Q1,,16,
FFA,1,T1Q1,,21.6,
FFA,1,T1Q1,,16.7,
FFA,1,T1Q1,,18.4,
FFA,1,T1Q1,,13.3,
FFA,1,T1Q2,,14.1,
FFA,1,T1Q2,,13.8,
FFA,1,T1Q2,,11.9,
FFA,1,T1Q2,,10.8,
FFA,1,T1Q2,,10.1,
FFA,1,T1Q3,,7,
FFA,1,T1Q3,,7.3,
FFA,1,T1Q3,,9.3,
FFA,1,T1Q3,,8.2,
FFA,1,T1Q3,,8.4,
FFA,1,T2Q1,,14.9,
FFA,1,T2Q1,,28.3,
FFA,1,T2Q1,,12.9,
FFA,1,T2Q1,,15.8,
FFA,1,T2Q1,,17.5,
FFA,1,T2Q2,,17.3,
FFA,1,T2Q2,,9.1,
FFA,1,T2Q2,,9.4,
FFA,1,T2Q2,,10.5,
FFA,1,T2Q2,,10.2,
FFA,1,T2Q3,,9.4,
FFA,1,T2Q3,,8.4,
FFA,1,T2Q3,,8.4,
FFA,1,T2Q3,,8.8,
FFA,1,T2Q3,,8,
FFA,1,T3Q1,,16.8,
FFA,1,T3Q1,,6.4,
FFA,1,T3Q1,,12.6,
FFA,1,T3Q1,,10.4,
FFA,1,T3Q1,,13.2,
FFA,1,T3Q2,,10.4,
FFA,1,T3Q2,,8.3,
FFA,1,T3Q2,,10,
FFA,1,T3Q2,,10.3,
FFA,1,T3Q2,,8.5,
FFA,1,T3Q3,,8,
FFA,1,T3Q3,,7.3,
FFA,1,T3Q3,,9.3,
FFA,1,T3Q3,,8.3,
FFA,1,T3Q3,,13,
94North,1,T1Q1,,7.8,
94North,1,T1Q1,,5.3,
94North,1,T1Q1,,9.5,
94North,1,T1Q1,,11.6,
94North,1,T1Q1,,10.3,
94North,1,T1Q2,,12,
94North,1,T1Q2,,11.3,
94North,1,T1Q2,,10.4,
94North,1,T1Q2,,10.9,
94North,1,T1Q2,,11.8,
94North,1,T1Q3,,9.4,
94North,1,T1Q3,,10.7,
94North,1,T1Q3,,9,
94North,1,T1Q3,,8.5,
94North,1,T1Q3,,8.8,
94North,1,T2Q1,,13.9,
94North,1,T2Q1,,9,
94North,1,T2Q1,,8.6,
94North,1,T2Q1,,10.8,
94North,1,T2Q1,,9.6,
94North,1,T2Q2,,9.5,
94North,1,T2Q2,,11.2,
94North,1,T2Q2,,7.3,
94North,1,T2Q2,,9.3,
94North,1,T2Q2,,10.7,
94North,1,T2Q3,,6.6,
94North,1,T2Q3,,7.6,
94North,1,T2Q3,,7.7,
94North,1,T2Q3,,9,
94North,1,T2Q3,,8.8,
94North,1,T3Q1,,7.4,
94North,1,T3Q1,,4.1,
94North,1,T3Q1,,6.1,
94North,1,T3Q1,,7.1,
94North,1,T3Q1,,9.2,
94North,1,T3Q2,,11.4,
94North,1,T3Q2,,8.7,
94North,1,T3Q2,,11.3,
94North,1,T3Q2,,10.8,
94North,1,T3Q2,,7.6,
94North,1,T3Q3,,10.5,
94North,1,T3Q3,,9.3,
94North,1,T3Q3,,10.4,
94North,1,T3Q3,,11.2,
94North,1,T3Q3,,10.7,
New2,1,T1Q1,,13.2,
New2,1,T1Q1,,11,
New2,1,T1Q1,,10.3,
New2,1,T1Q1,,13.5,
New2,1,T1Q1,,9.9,
New2,1,T1Q2,,16.2,
New2,1,T1Q2,,13.6,
New2,1,T1Q2,,11.3,
New2,1,T1Q2,,13.2,
New2,1,T1Q2,,15.3,
New2,1,T1Q3,,10.7,
New2,1,T1Q3,,9.4,
New2,1,T1Q3,,12.9,
New2,1,T1Q3,,8.7,
New2,1,T1Q3,,9.4,
New2,1,T2Q1,,10.1,
New2,1,T2Q1,,10.4,
New2,1,T2Q1,,13,
New2,1,T2Q1,,10.6,
New2,1,T2Q1,,12.1,
New2,1,T2Q2,,12.7,
New2,1,T2Q2,,20.2,
New2,1,T2Q2,,18.4,
New2,1,T2Q2,,12.5,
New2,1,T2Q2,,14.8,
New2,1,T2Q3,,6.8,
New2,1,T2Q3,,9.6,
New2,1,T2Q3,,13,
New2,1,T2Q3,,10.7,
New2,1,T2Q3,,10.8,
New2,1,T3Q1,,14,
New2,1,T3Q1,,17.5,
New2,1,T3Q1,,12.3,
New2,1,T3Q1,,6.5,
New2,1,T3Q1,,11.7,
New2,1,T3Q2,,14,
New2,1,T3Q2,,12,
New2,1,T3Q2,,17.8,
New2,1,T3Q2,,12.3,
New2,1,T3Q2,,8.8,
New2,1,T3Q3,,12.2,
New2,1,T3Q3,,10.8,
New2,1,T3Q3,,8.8,
New2,1,T3Q3,,11.2,
New2,1,T3Q3,,11.5,
E1,2,T1Q1,1,12.8,
E1,2,T1Q1,2,17.4,
E1,2,T1Q1,3,13.5,
E1,2,T1Q1,4,11.3,
E1,2,T1Q1,5,14.3,
E1,2,T1Q2,1,13.9,
E1,2,T1Q2,2,15.1,
E1,2,T1Q2,3,12.8,
E1,2,T1Q2,4,12.6,
E1,2,T1Q2,5,9.9,
E1,2,T1Q3,1,8.3,
E1,2,T1Q3,2,12.8,
E1,2,T1Q3,3,9.6,
E1,2,T1Q3,4,9.7,
E1,2,T1Q3,5,10.3,
E1,2,T2Q1,1,16.4,
E1,2,T2Q1,2,20.4,
E1,2,T2Q1,3,19.5,
E1,2,T2Q1,4,19.9,
E1,2,T2Q1,5,14.6,
E1,2,T2Q2,1,13.1,
E1,2,T2Q2,2,11.3,
E1,2,T2Q2,3,20.5,
E1,2,T2Q2,4,16.8,
E1,2,T2Q2,5,15.2,
E1,2,T2Q3,1,10.2,
E1,2,T2Q3,2,11.3,
E1,2,T2Q3,3,6.7,
E1,2,T2Q3,4,6.1,
E1,2,T2Q3,5,6.9,
E1,2,T3Q1,1,11.5,
E1,2,T3Q1,2,10.2,
E1,2,T3Q1,3,11.2,
E1,2,T3Q1,4,8.1,
E1,2,T3Q1,5,9.6,
E1,2,T3Q2,1,11.1,
E1,2,T3Q2,2,13.3,
E1,2,T3Q2,3,10.9,
E1,2,T3Q2,4,12.1,
E1,2,T3Q2,5,14.2,
E1,2,T3Q2,6,9.3,
E1,2,T3Q3,1,10.7,
E1,2,T3Q3,2,15.7,
E1,2,T3Q3,3,11.4,
E1,2,T3Q3,4,9.8,
E1,2,T3Q3,5,11.9,
E1,2,T3Q3,6,13.4,
Cooda,2,T1Q1,1,7.2,
Cooda,2,T1Q1,2,10.1,
Cooda,2,T1Q1,3,13.1,
Cooda,2,T1Q1,4,7.9,
Cooda,2,T1Q1,5,11.8,
Cooda,2,T1Q2,1,12.7,
Cooda,2,T1Q2,2,13.3,
Cooda,2,T1Q2,3,14.2,
Cooda,2,T1Q2,4,13.9,
Cooda,2,T1Q2,5,16.6,
Cooda,2,T1Q3,1,8.2,
Cooda,2,T1Q3,2,9.6,
Cooda,2,T1Q3,3,9.8,
Cooda,2,T1Q3,4,6.6,
Cooda,2,T1Q3,5,6.5,
Cooda,2,T2Q1,1,15.9,
Cooda,2,T2Q1,2,18.8,
Cooda,2,T2Q1,3,20.6,
Cooda,2,T2Q1,4,13.1,
Cooda,2,T2Q1,5,20.2,
Cooda,2,T2Q1,6,10.7,
Cooda,2,T2Q2,1,10.1,
Cooda,2,T2Q2,2,9.4,
Cooda,2,T2Q2,3,10.6,
Cooda,2,T2Q2,4,7.4,
Cooda,2,T2Q2,5,11.4,
Cooda,2,T2Q3,1,9.3,
Cooda,2,T2Q3,2,9.6,
Cooda,2,T2Q3,3,5.5,
Cooda,2,T2Q3,4,8.2,
Cooda,2,T2Q3,5,7.4,
Cooda,2,T3Q1,1,14.2,
Cooda,2,T3Q1,2,12,
Cooda,2,T3Q1,3,17.2,
Cooda,2,T3Q1,4,14.6,
Cooda,2,T3Q1,5,8.3,
Cooda,2,T3Q2,1,11.3,
Cooda,2,T3Q2,2,14.7,
Cooda,2,T3Q2,3,8.5,
Cooda,2,T3Q2,4,13.6,
Cooda,2,T3Q2,5,8.7,
Cooda,2,T3Q3,1,13.6,
Cooda,2,T3Q3,2,8.1,
Cooda,2,T3Q3,3,7.9,
Cooda,2,T3Q3,4,5.9,
Cooda,2,T3Q3,5,7.3,
Montreal,2,T1Q1,1,10.2,
Montreal,2,T1Q1,2,8.4,
Montreal,2,T1Q1,3,10.6,
Montreal,2,T1Q1,4,9.7,
Montreal,2,T1Q1,5,7.8,
Montreal,2,T1Q2,1,6.9,
Montreal,2,T1Q2,2,7.1,
Montreal,2,T1Q2,3,10.9,
Montreal,2,T1Q2,4,9.4,
Montreal,2,T1Q2,5,6.6,
Montreal,2,T1Q3,1,6.8,
Montreal,2,T1Q3,2,5.7,
Montreal,2,T1Q3,3,6.1,
Montreal,2,T1Q3,4,3.8,
Montreal,2,T1Q3,5,6.7,
Montreal,2,T2Q1,1,11.4,
Montreal,2,T2Q1,2,12.4,
Montreal,2,T2Q1,3,13.2,
Montreal,2,T2Q1,4,11.4,
Montreal,2,T2Q1,5,9.3,
Montreal,2,T2Q2,1,6.2,
Montreal,2,T2Q2,2,12.6,
Montreal,2,T2Q2,3,10.8,
Montreal,2,T2Q2,4,11.2,
Montreal,2,T2Q2,5,8.9,
Montreal,2,T2Q3,1,4.3,
Montreal,2,T2Q3,2,6.2,
Montreal,2,T2Q3,3,6.1,
Montreal,2,T2Q3,4,7,
Montreal,2,T2Q3,5,5.7,
Montreal,2,T3Q1,1,29.3,
Montreal,2,T3Q1,2,15.7,
Montreal,2,T3Q1,3,18.2,
Montreal,2,T3Q1,4,23.1,
Montreal,2,T3Q1,5,14.3,
Montreal,2,T3Q2,1,7.7,
Montreal,2,T3Q2,2,10.7,
Montreal,2,T3Q2,3,9.8,
Montreal,2,T3Q2,4,6.2,
Montreal,2,T3Q2,5,9.1,
Montreal,2,T3Q3,1,9.8,
Montreal,2,T3Q3,2,7.7,
Montreal,2,T3Q3,3,9.1,
Montreal,2,T3Q3,4,8.6,
Montreal,2,T3Q3,5,4.8,
Montreal,2,T3Q3,6,7.2,
E2,2,T1Q1,1,17.6,
E2,2,T1Q1,2,11.6,
E2,2,T1Q1,3,8.8,
E2,2,T1Q1,4,16.1,
E2,2,T1Q1,5,11.6,
E2,2,T1Q2,1,10.4,
E2,2,T1Q2,2,13.1,
E2,2,T1Q2,3,10.6,
E2,2,T1Q2,4,8.8,
E2,2,T1Q2,5,9.9,
E2,2,T1Q2,6,8.7,
E2,2,T1Q3,1,12.1,
E2,2,T1Q3,2,11.4,
E2,2,T1Q3,3,10.6,
E2,2,T1Q3,4,9.8,
E2,2,T1Q3,5,7.5,
E2,2,T1Q3,6,7.6,
E2,2,T2Q1,1,16.8,
E2,2,T2Q1,2,14.7,
E2,2,T2Q1,3,23.9,
E2,2,T2Q1,4,18.2,
E2,2,T2Q1,5,20.6,
E2,2,T2Q2,1,8.6,
E2,2,T2Q2,2,9.3,
E2,2,T2Q2,3,10.1,
E2,2,T2Q2,4,6.7,
E2,2,T2Q2,5,7.9,
E2,2,T2Q3,1,10.4,
E2,2,T2Q3,2,6.2,
E2,2,T2Q3,3,8.2,
E2,2,T2Q3,4,9.4,
E2,2,T2Q3,5,7.7,
E2,2,T2Q3,6,6.1,
E2,2,T3Q1,1,22.1,
E2,2,T3Q1,2,19.6,
E2,2,T3Q1,3,14.6,
E2,2,T3Q1,4,17.7,
E2,2,T3Q1,5,23.1,
E2,2,T3Q2,1,10.8,
E2,2,T3Q2,2,15.6,
E2,2,T3Q2,3,16.1,
E2,2,T3Q2,4,15.1,
E2,2,T3Q2,5,10.7,
E2,2,T3Q3,1,9.2,
E2,2,T3Q3,2,8.2,
E2,2,T3Q3,3,10.6,
E2,2,T3Q3,4,10.5,
E2,2,T3Q3,5,8.7,
E2,2,T3Q3,6,11.3,
94Urchin,2,T1Q1,1,16.5,
94Urchin,2,T1Q1,2,12.7,
94Urchin,2,T1Q1,3,12.9,
94Urchin,2,T1Q1,4,9.3,
94Urchin,2,T1Q1,5,7.4,
94Urchin,2,T1Q2,1,11.8,
94Urchin,2,T1Q2,2,9.9,
94Urchin,2,T1Q2,3,12.4,
94Urchin,2,T1Q2,4,10.3,
94Urchin,2,T1Q2,5,9.9,
94Urchin,2,T1Q3,1,8.1,
94Urchin,2,T1Q3,2,11.8,
94Urchin,2,T1Q3,3,8.2,
94Urchin,2,T1Q3,4,10.9,
94Urchin,2,T1Q3,5,6.9,
94Urchin,2,T2Q1,1,14.1,
94Urchin,2,T2Q1,2,12.4,
94Urchin,2,T2Q1,3,16.7,
94Urchin,2,T2Q1,4,12.6,
94Urchin,2,T2Q1,5,13.6,
94Urchin,2,T2Q2,1,16.9,
94Urchin,2,T2Q2,2,10.8,
94Urchin,2,T2Q2,3,7.9,
94Urchin,2,T2Q2,4,15.4,
94Urchin,2,T2Q2,5,7.6,
94Urchin,2,T2Q3,1,8.4,
94Urchin,2,T2Q3,2,15.3,
94Urchin,2,T2Q3,3,8.4,
94Urchin,2,T2Q3,4,9.2,
94Urchin,2,T2Q3,5,9.7,
94Urchin,2,T3Q1,1,9.8,
94Urchin,2,T3Q1,2,8.1,
94Urchin,2,T3Q1,3,12.1,
94Urchin,2,T3Q1,4,11,
94Urchin,2,T3Q1,5,11.8,
94Urchin,2,T3Q2,1,12.6,
94Urchin,2,T3Q2,2,10.6,
94Urchin,2,T3Q2,3,11.4,
94Urchin,2,T3Q2,4,11.3,
94Urchin,2,T3Q2,5,8.6,
94Urchin,2,T3Q3,1,15.5,
94Urchin,2,T3Q3,2,11.7,
94Urchin,2,T3Q3,3,5.7,
94Urchin,2,T3Q3,4,7.6,
94Urchin,2,T3Q3,5,12.4,
78S,2,T1Q1,1,15.6,
78S,2,T1Q1,2,12.5,
78S,2,T1Q1,3,11.1,
78S,2,T1Q1,4,13.8,
78S,2,T1Q1,5,11.2,
78S,2,T1Q2,1,10.5,
78S,2,T1Q2,2,15.2,
78S,2,T1Q2,3,19.1,
78S,2,T1Q2,4,10.2,
78S,2,T1Q2,5,13.4,
78S,2,T1Q3,1,10.4,
78S,2,T1Q3,2,9.1,
78S,2,T1Q3,3,7.7,
78S,2,T1Q3,4,11.6,
78S,2,T1Q3,5,7.9,
78S,2,T2Q1,1,28.2,
78S,2,T2Q1,2,14.9,
78S,2,T2Q1,3,28.9,
78S,2,T2Q1,4,23.3,
78S,2,T2Q1,5,18.1,
78S,2,T2Q2,1,9.8,
78S,2,T2Q2,2,9.9,
78S,2,T2Q2,3,10.2,
78S,2,T2Q2,4,16.9,
78S,2,T2Q2,5,11.2,
78S,2,T2Q3,1,11.6,
78S,2,T2Q3,2,18.2,
78S,2,T2Q3,3,11.8,
78S,2,T2Q3,4,11.1,
78S,2,T2Q3,5,11.8,
78S,2,T3Q1,1,14.5,
78S,2,T3Q1,2,16.8,
78S,2,T3Q1,3,15.4,
78S,2,T3Q1,4,13.9,
78S,2,T3Q1,5,10.4,
78S,2,T3Q2,1,22.4,
78S,2,T3Q2,2,19.3,
78S,2,T3Q2,3,14.7,
78S,2,T3Q2,4,10.7,
78S,2,T3Q2,5,16.7,
78S,2,T3Q3,1,10.2,
78S,2,T3Q3,2,9.1,
78S,2,T3Q3,3,11.5,
78S,2,T3Q3,4,8.6,
78S,2,T3Q3,5,13.4,
71,2,T1Q1,1,13.6,
71,2,T1Q1,2,17.6,
71,2,T1Q1,3,26,
71,2,T1Q1,4,17.2,
71,2,T1Q1,5,22.4,
71,2,T1Q2,1,9,
71,2,T1Q2,2,13.5,
71,2,T1Q2,3,17,
71,2,T1Q2,4,13.8,
71,2,T1Q2,5,12,
71,2,T1Q3,1,15.3,
71,2,T1Q3,2,14.3,
71,2,T1Q3,3,12.5,
71,2,T1Q3,4,11.3,
71,2,T1Q3,5,10.4,
71,2,T2Q1,1,11.5,
71,2,T2Q1,2,23,
71,2,T2Q1,3,17.5,
71,2,T2Q1,4,12.7,
71,2,T2Q1,5,18.8,
71,2,T2Q2,1,9.5,
71,2,T2Q2,2,8.7,
71,2,T2Q2,3,11.8,
71,2,T2Q2,4,9.3,
71,2,T2Q2,5,10.6,
71,2,T2Q3,1,7.8,
71,2,T2Q3,2,11.8,
71,2,T2Q3,3,11.6,
71,2,T2Q3,4,10.4,
71,2,T2Q3,5,8.5,
71,2,T3Q1,1,19,
71,2,T3Q1,2,22,
71,2,T3Q1,3,14.8,
71,2,T3Q1,4,30.6,
71,2,T3Q1,5,30,
71,2,T3Q2,1,16.4,
71,2,T3Q2,2,8.6,
71,2,T3Q2,3,17.2,
71,2,T3Q2,4,21.1,
71,2,T3Q2,5,17.5,
71,2,T3Q3,1,14.4,
71,2,T3Q3,2,11.8,
71,2,T3Q3,3,9.8,
71,2,T3Q3,4,11.4,
71,2,T3Q3,5,10.5,
119,2,T1Q1,1,7.4,
119,2,T1Q1,2,8.5,
119,2,T1Q1,3,11.3,
119,2,T1Q1,4,12.5,
119,2,T1Q1,5,9.3,
119,2,T1Q2,1,11.2,
119,2,T1Q2,2,6.3,
119,2,T1Q2,3,6.9,
119,2,T1Q2,4,8,
119,2,T1Q2,5,8.6,
119,2,T1Q3,1,11.3,
119,2,T1Q3,2,7.8,
119,2,T1Q3,3,8.4,
119,2,T1Q3,4,9.5,
119,2,T1Q3,5,10.7,
119,2,T2Q1,1,8.2,
119,2,T2Q1,2,9.6,
119,2,T2Q1,3,9.3,
119,2,T2Q1,4,19.3,
119,2,T2Q1,5,14.4,
119,2,T2Q2,1,14,
119,2,T2Q2,2,8.6,
119,2,T2Q2,3,6.8,
119,2,T2Q2,4,8.9,
119,2,T2Q2,5,9.7,
119,2,T2Q3,1,12.5,
119,2,T2Q3,2,6.6,
119,2,T2Q3,3,16.3,
119,2,T2Q3,4,13.5,
119,2,T2Q3,5,9.6,
119,2,T3Q1,1,14.4,
119,2,T3Q1,2,9.1,
119,2,T3Q1,3,14.8,
119,2,T3Q1,4,9.6,
119,2,T3Q1,5,8.7,
119,2,T3Q2,1,6.7,
119,2,T3Q2,2,9.4,
119,2,T3Q2,3,7.4,
119,2,T3Q2,4,9.8,
119,2,T3Q2,5,11.2,
119,2,T3Q3,1,8.2,
119,2,T3Q3,2,8.7,
119,2,T3Q3,3,9.3,
119,2,T3Q3,4,7.4,
119,2,T3Q3,5,7.6,
IMC,2,T1Q1,1,14.4,
IMC,2,T1Q1,2,16.2,
IMC,2,T1Q1,3,11,
IMC,2,T1Q1,4,15,
IMC,2,T1Q1,5,11.7,
IMC,2,T1Q2,1,17.8,
IMC,2,T1Q2,2,12.5,
IMC,2,T1Q2,3,13.8,
IMC,2,T1Q2,4,11.8,
IMC,2,T1Q2,5,11.4,
IMC,2,T1Q3,1,8.7,
IMC,2,T1Q3,2,9.6,
IMC,2,T1Q3,3,10.5,
IMC,2,T1Q3,4,10.3,
IMC,2,T1Q3,5,10.1,
IMC,2,T2Q1,1,15,
IMC,2,T2Q1,2,10.4,
IMC,2,T2Q1,3,9.6,
IMC,2,T2Q1,4,14.6,
IMC,2,T2Q1,5,13.7,
IMC,2,T2Q2,1,8.8,
IMC,2,T2Q2,2,10.9,
IMC,2,T2Q2,3,9.1,
IMC,2,T2Q2,4,12,
IMC,2,T2Q2,5,10.8,
IMC,2,T2Q3,1,9,
IMC,2,T2Q3,2,7.3,
IMC,2,T2Q3,3,8.4,
IMC,2,T2Q3,4,10.5,
IMC,2,T2Q3,5,9.5,
IMC,2,T3Q1,1,13.5,
IMC,2,T3Q1,2,11,
IMC,2,T3Q1,3,8.6,
IMC,2,T3Q1,4,10,
IMC,2,T3Q1,5,11,
IMC,2,T3Q2,1,14.4,
IMC,2,T3Q2,2,15,
IMC,2,T3Q2,3,9.2,
IMC,2,T3Q2,4,11.4,
IMC,2,T3Q2,5,11.2,
IMC,2,T3Q3,1,8.7,
IMC,2,T3Q3,2,10.4,
IMC,2,T3Q3,3,8.7,
IMC,2,T3Q3,4,10.6,
IMC,2,T3Q3,5,9.7,
FFA,2,T1Q1,1,8.1,
FFA,2,T1Q1,2,13.8,
FFA,2,T1Q1,3,11.7,
FFA,2,T1Q1,4,11.5,
FFA,2,T1Q1,5,10.3,
FFA,2,T1Q2,1,17.3,
FFA,2,T1Q2,2,15.2,
FFA,2,T1Q2,3,11.2,
FFA,2,T1Q2,4,12.4,
FFA,2,T1Q2,5,12.1,
FFA,2,T1Q3,1,8.5,
FFA,2,T1Q3,2,10.9,
FFA,2,T1Q3,3,11.8,
FFA,2,T1Q3,4,8.6,
FFA,2,T1Q3,5,10,
FFA,2,T2Q1,1,11.8,
FFA,2,T2Q1,2,12.8,
FFA,2,T2Q1,3,23.5,
FFA,2,T2Q1,4,18,
FFA,2,T2Q1,5,19,
FFA,2,T2Q2,1,12.6,
FFA,2,T2Q2,2,13.6,
FFA,2,T2Q2,3,17.8,
FFA,2,T2Q2,4,14,
FFA,2,T2Q2,5,10.3,
FFA,2,T2Q3,1,7.4,
FFA,2,T2Q3,2,9.7,
FFA,2,T2Q3,3,10.7,
FFA,2,T2Q3,4,11.7,
FFA,2,T2Q3,5,11,
FFA,2,T3Q1,1,16.8,
FFA,2,T3Q1,2,25.7,
FFA,2,T3Q1,3,19.1,
FFA,2,T3Q1,4,25.8,
FFA,2,T3Q1,5,13.2,
FFA,2,T3Q2,1,11.2,
FFA,2,T3Q2,2,18,
FFA,2,T3Q2,3,17.6,
FFA,2,T3Q2,4,13.8,
FFA,2,T3Q2,5,18,
FFA,2,T3Q3,1,6.7,
FFA,2,T3Q3,2,7.8,
FFA,2,T3Q3,3,8.3,
FFA,2,T3Q3,4,11.3,
FFA,2,T3Q3,5,10.6,
CT15,2,T1Q1,1,34.4,
CT15,2,T1Q1,2,33,
CT15,2,T1Q1,3,32.1,
CT15,2,T1Q1,4,26,
CT15,2,T1Q1,5,24.6,
CT15,2,T1Q2,1,11,
CT15,2,T1Q2,2,15.3,
CT15,2,T1Q2,3,9,
CT15,2,T1Q2,4,13.3,
CT15,2,T1Q2,5,17.3,
CT15,2,T1Q3,1,6.7,
CT15,2,T1Q3,2,9.7,
CT15,2,T1Q3,3,8.3,
CT15,2,T1Q3,4,11,
CT15,2,T1Q3,5,9.2,
CT15,2,T2Q1,1,16.3,
CT15,2,T2Q1,2,18.7,
CT15,2,T2Q1,3,18.2,
CT15,2,T2Q1,4,25,
CT15,2,T2Q1,5,17.5,
CT15,2,T2Q2,1,15.1,
CT15,2,T2Q2,2,12.8,
CT15,2,T2Q2,3,15.8,
CT15,2,T2Q2,4,14.9,
CT15,2,T2Q2,5,16.9,
CT15,2,T2Q3,1,13.8,
CT15,2,T2Q3,2,10.8,
CT15,2,T2Q3,3,12.7,
CT15,2,T2Q3,4,13.1,
CT15,2,T2Q3,5,8.3,
CT15,2,T3Q1,1,21.3,
CT15,2,T3Q1,2,14.6,
CT15,2,T3Q1,3,19.8,
CT15,2,T3Q1,4,22.7,
CT15,2,T3Q1,5,25,
CT15,2,T3Q2,1,17.4,
CT15,2,T3Q2,2,12.7,
CT15,2,T3Q2,3,14.5,
CT15,2,T3Q2,4,13.5,
CT15,2,T3Q2,5,13.1,
CT15,2,T3Q3,1,11.8,
CT15,2,T3Q3,2,14.6,
CT15,2,T3Q3,3,11.4,
CT15,2,T3Q3,4,10.6,
CT15,2,T3Q3,5,10.6,
New2,2,T1Q1,1,15.5,
New2,2,T1Q1,2,7.3,
New2,2,T1Q1,3,17.5,
New2,2,T1Q1,4,12,
New2,2,T1Q1,5,16,
New2,2,T1Q2,1,12.4,
New2,2,T1Q2,2,6.6,
New2,2,T1Q2,3,12.2,
New2,2,T1Q2,4,8.6,
New2,2,T1Q2,5,10,
New2,2,T1Q3,1,11,
New2,2,T1Q3,2,10.5,
New2,2,T1Q3,3,9.7,
New2,2,T1Q3,4,10.4,
New2,2,T1Q3,5,16.3,
New2,2,T2Q1,1,13.8,
New2,2,T2Q1,2,7.8,
New2,2,T2Q1,3,9.8,
New2,2,T2Q1,4,8.9,
New2,2,T2Q1,5,9,
New2,2,T2Q2,1,11.3,
New2,2,T2Q2,2,5.6,
New2,2,T2Q2,3,8.6,
New2,2,T2Q2,4,9.7,
New2,2,T2Q2,5,11.8,
New2,2,T2Q3,1,9.8,
New2,2,T2Q3,2,8.2,
New2,2,T2Q3,3,13.3,
New2,2,T2Q3,4,10.5,
New2,2,T2Q3,5,11.6,
New2,2,T3Q1,1,14.2,
New2,2,T3Q1,2,13.4,
New2,2,T3Q1,3,15.6,
New2,2,T3Q1,4,10.8,
New2,2,T3Q1,5,21.7,
New2,2,T3Q2,1,8.4,
New2,2,T3Q2,2,9.3,
New2,2,T3Q2,3,9.6,
New2,2,T3Q2,4,12.8,
New2,2,T3Q2,5,13.7,
New2,2,T3Q3,1,8.5,
New2,2,T3Q3,2,9.8,
New2,2,T3Q3,3,9.4,
New2,2,T3Q3,4,10.7,
New2,2,T3Q3,5,9.4,
Check3,2,T1Q1,1,18.2,
Check3,2,T1Q1,2,15.4,
Check3,2,T1Q1,3,15.7,
Check3,2,T1Q1,4,13.4,
Check3,2,T1Q1,5,17,
Check3,2,T1Q2,1,9.2,
Check3,2,T1Q2,2,10.6,
Check3,2,T1Q2,3,8.8,
Check3,2,T1Q2,4,9.3,
Check3,2,T1Q2,5,11,
Check3,2,T1Q3,1,11.6,
Check3,2,T1Q3,2,13.4,
Check3,2,T1Q3,3,9.9,
Check3,2,T1Q3,4,7.7,
Check3,2,T1Q3,5,9.2,
Check3,2,T2Q1,1,22.2,
Check3,2,T2Q1,2,19.6,
Check3,2,T2Q1,3,19.5,
Check3,2,T2Q1,4,10.8,
Check3,2,T2Q1,5,22.5,
Check3,2,T2Q2,1,12.2,
Check3,2,T2Q2,2,14.5,
Check3,2,T2Q2,3,9.9,
Check3,2,T2Q2,4,9.4,
Check3,2,T2Q2,5,11.3,
Check3,2,T2Q3,1,10.5,
Check3,2,T2Q3,2,13.2,
Check3,2,T2Q3,3,10.4,
Check3,2,T2Q3,4,8,
Check3,2,T2Q3,5,12.9,
Check3,2,T3Q1,1,14.9,
Check3,2,T3Q1,2,18,
Check3,2,T3Q1,3,9.9,
Check3,2,T3Q1,4,19.7,
Check3,2,T3Q1,5,14.5,
Check3,2,T3Q2,1,11,
Check3,2,T3Q2,2,10.7,
Check3,2,T3Q2,3,9.1,
Check3,2,T3Q2,4,9.2,
Check3,2,T3Q2,5,11.6,
Check3,2,T3Q3,1,11.5,
Check3,2,T3Q3,2,8.3,
Check3,2,T3Q3,3,13,
Check3,2,T3Q3,4,8.9,
Check3,2,T3Q3,5,15.8,
Check5,2,T1Q1,1,10.7,
Check5,2,T1Q1,2,8.8,
Check5,2,T1Q1,3,13.2,
Check5,2,T1Q1,4,21.9,
Check5,2,T1Q1,5,13,
Check5,2,T1Q2,1,12.5,
Check5,2,T1Q2,2,13.4,
Check5,2,T1Q2,3,8.8,
Check5,2,T1Q2,4,16.1,
Check5,2,T1Q2,5,10.8,
Check5,2,T1Q3,1,9.9,
Check5,2,T1Q3,2,8.1,
Check5,2,T1Q3,3,8.1,
Check5,2,T1Q3,4,9.5,
Check5,2,T1Q3,5,8.7,
Check5,2,T2Q1,1,20.6,
Check5,2,T2Q1,2,17.1,
Check5,2,T2Q1,3,22.4,
Check5,2,T2Q1,4,24.1,
Check5,2,T2Q1,5,18.5,
Check5,2,T2Q2,1,13.7,
Check5,2,T2Q2,2,13.1,
Check5,2,T2Q2,3,12,
Check5,2,T2Q2,4,13.7,
Check5,2,T2Q2,5,11.8,
Check5,2,T2Q3,1,10.7,
Check5,2,T2Q3,2,9.5,
Check5,2,T2Q3,3,15.9,
Check5,2,T2Q3,4,12.5,
Check5,2,T2Q3,5,10,
Check5,2,T3Q1,1,19.3,
Check5,2,T3Q1,2,15.5,
Check5,2,T3Q1,3,14.2,
Check5,2,T3Q1,4,22.3,
Check5,2,T3Q1,5,16.1,
Check5,2,T3Q2,1,14.5,
Check5,2,T3Q2,2,16.3,
Check5,2,T3Q2,3,15.4,
Check5,2,T3Q2,4,15.4,
Check5,2,T3Q2,5,15.1,
Check5,2,T3Q3,1,9.4,
Check5,2,T3Q3,2,10.3,
Check5,2,T3Q3,3,15.4,
Check5,2,T3Q3,4,11.5,
Check5,2,T3Q3,5,7.9,
Cow,2,T1Q1,1,11.9,
Cow,2,T1Q1,2,10.8,
Cow,2,T1Q1,3,11.4,
Cow,2,T1Q1,4,7.8,
Cow,2,T1Q1,5,13.3,
Cow,2,T1Q2,1,10.9,
Cow,2,T1Q2,2,11.5,
Cow,2,T1Q2,3,13,
Cow,2,T1Q2,4,9.2,
Cow,2,T1Q2,5,10.6,
Cow,2,T1Q3,1,7.1,
Cow,2,T1Q3,2,7,
Cow,2,T1Q3,3,9.9,
Cow,2,T1Q3,4,7,
Cow,2,T1Q3,5,7.9,
Cow,2,T2Q1,1,13.6,
Cow,2,T2Q1,2,14.7,
Cow,2,T2Q1,3,12.8,
Cow,2,T2Q1,4,10,
Cow,2,T2Q1,5,10.3,
Cow,2,T2Q2,1,13.8,
Cow,2,T2Q2,2,8.5,
Cow,2,T2Q2,3,13,
Cow,2,T2Q2,4,13.7,
Cow,2,T2Q2,5,10.7,
Cow,2,T2Q3,1,9.3,
Cow,2,T2Q3,2,11.8,
Cow,2,T2Q3,3,6.3,
Cow,2,T2Q3,4,11.9,
Cow,2,T2Q3,5,14.1,
Cow,2,T3Q1,1,12.2,
Cow,2,T3Q1,2,10,
Cow,2,T3Q1,3,12.9,
Cow,2,T3Q1,4,13.2,
Cow,2,T3Q1,5,8.8,
Cow,2,T3Q2,1,8.5,
Cow,2,T3Q2,2,9.6,
Cow,2,T3Q2,3,10.8,
Cow,2,T3Q2,4,12.1,
Cow,2,T3Q2,5,10.5,
Cow,2,T3Q3,1,9.5,
Cow,2,T3Q3,2,8.6,
Cow,2,T3Q3,3,7.3,
Cow,2,T3Q3,4,8.5,
Cow,2,T3Q3,5,15.6,
Vancouver,2,T1Q1,1,22.3,
Vancouver,2,T1Q1,2,23.8,
Vancouver,2,T1Q1,3,35.5,
Vancouver,2,T1Q1,4,24.4,
Vancouver,2,T1Q1,5,30.5,
Vancouver,2,T1Q2,1,16.7,
Vancouver,2,T1Q2,2,14.5,
Vancouver,2,T1Q2,3,16.9,
Vancouver,2,T1Q2,4,18,
Vancouver,2,T1Q2,5,22.1,
Vancouver,2,T1Q3,1,12.3,
Vancouver,2,T1Q3,2,12.2,
Vancouver,2,T1Q3,3,11.7,
Vancouver,2,T1Q3,4,12.1,
Vancouver,2,T1Q3,5,13.6,
Vancouver,2,T2Q1,1,25.7,
Vancouver,2,T2Q1,2,35.1,
Vancouver,2,T2Q1,3,27.7,
Vancouver,2,T2Q1,4,32.1,
Vancouver,2,T2Q1,5,30.2,
Vancouver,2,T2Q2,1,17.9,
Vancouver,2,T2Q2,2,16.8,
Vancouver,2,T2Q2,3,21.5,
Vancouver,2,T2Q2,4,15,
Vancouver,2,T2Q2,5,15.9,
Vancouver,2,T2Q3,1,14.2,
Vancouver,2,T2Q3,2,10.7,
Vancouver,2,T2Q3,3,10.1,
Vancouver,2,T2Q3,4,12,
Vancouver,2,T2Q3,5,11.3,
Vancouver,2,T3Q1,1,20.2,
Vancouver,2,T3Q1,2,12.4,
Vancouver,2,T3Q1,3,26.7,
Vancouver,2,T3Q1,4,16.6,
Vancouver,2,T3Q1,5,28.8,
Vancouver,2,T3Q2,1,19.5,
Vancouver,2,T3Q2,2,14.7,
Vancouver,2,T3Q2,3,13.9,
Vancouver,2,T3Q2,4,16.4,
Vancouver,2,T3Q2,5,16.9,
Vancouver,2,T3Q3,1,14.3,
Vancouver,2,T3Q3,2,17.8,
Vancouver,2,T3Q3,3,11.9,
Vancouver,2,T3Q3,4,11.6,
Vancouver,2,T3Q3,5,14.9,
Calgary,2,T1Q1,1,34.4,
Calgary,2,T1Q1,2,24.5,
Calgary,2,T1Q1,3,22.4,
Calgary,2,T1Q1,4,24.3,
Calgary,2,T1Q1,5,25.2,
Calgary,2,T1Q2,1,16,
Calgary,2,T1Q2,2,20.5,
Calgary,2,T1Q2,3,17.3,
Calgary,2,T1Q2,4,17.8,
Calgary,2,T1Q2,5,18.2,
Calgary,2,T1Q3,1,11.4,
Calgary,2,T1Q3,2,10.4,
Calgary,2,T1Q3,3,11.3,
Calgary,2,T1Q3,4,12,
Calgary,2,T1Q3,5,17.6,
Calgary,2,T2Q1,1,11.7,
Calgary,2,T2Q1,2,16,
Calgary,2,T2Q1,3,15.3,
Calgary,2,T2Q1,4,17,
Calgary,2,T2Q1,5,12.7,
Calgary,2,T2Q2,1,16.7,
Calgary,2,T2Q2,2,19.8,
Calgary,2,T2Q2,3,13.9,
Calgary,2,T2Q2,4,14.5,
Calgary,2,T2Q2,5,10.8,
Calgary,2,T2Q3,1,12.8,
Calgary,2,T2Q3,2,7.9,
Calgary,2,T2Q3,3,7.8,
Calgary,2,T2Q3,4,11.5,
Calgary,2,T2Q3,5,10.8,
Calgary,2,T3Q1,1,15.7,
Calgary,2,T3Q1,2,9.2,
Calgary,2,T3Q1,3,17.1,
Calgary,2,T3Q1,4,16.9,
Calgary,2,T3Q1,5,17.4,
Calgary,2,T3Q2,1,15.3,
Calgary,2,T3Q2,2,16.2,
Calgary,2,T3Q2,3,14.6,
Calgary,2,T3Q2,4,11.8,
Calgary,2,T3Q2,5,17.2,
Calgary,2,T3Q3,1,11.9,
Calgary,2,T3Q3,2,14.6,
Calgary,2,T3Q3,3,12.5,
Calgary,2,T3Q3,4,14.6,
Calgary,2,T3Q3,5,13.5,
Damsel,2,T1Q1,1,19.3,
Damsel,2,T1Q1,2,14.8,
Damsel,2,T1Q1,3,12.7,
Damsel,2,T1Q1,4,14.2,
Damsel,2,T1Q1,5,10.7,
Damsel,2,T1Q2,1,10,
Damsel,2,T1Q2,2,15,
Damsel,2,T1Q2,3,11.2,
Damsel,2,T1Q2,4,14.5,
Damsel,2,T1Q2,5,10.5,
Damsel,2,T1Q3,1,13.1,
Damsel,2,T1Q3,2,8.7,
Damsel,2,T1Q3,3,11.6,
Damsel,2,T1Q3,4,11,
Damsel,2,T1Q3,5,12.7,
Damsel,2,T2Q1,1,11.5,
Damsel,2,T2Q1,2,9.8,
Damsel,2,T2Q1,3,13.3,
Damsel,2,T2Q1,4,11.2,
Damsel,2,T2Q1,5,11.2,
Damsel,2,T2Q2,1,14.8,
Damsel,2,T2Q2,2,15.7,
Damsel,2,T2Q2,3,13,
Damsel,2,T2Q2,4,14,
Damsel,2,T2Q2,5,12.2,
Damsel,2,T2Q3,1,7.6,
Damsel,2,T2Q3,2,13.2,
Damsel,2,T2Q3,3,10.8,
Damsel,2,T2Q3,4,9.9,
Damsel,2,T2Q3,5,10.8,
Damsel,2,T3Q1,1,12.9,
Damsel,2,T3Q1,2,14.2,
Damsel,2,T3Q1,3,12.2,
Damsel,2,T3Q1,4,12.7,
Damsel,2,T3Q1,5,12.7,
Damsel,2,T3Q2,1,13.3,
Damsel,2,T3Q2,2,14.2,
Damsel,2,T3Q2,3,12.6,
Damsel,2,T3Q2,4,13.7,
Damsel,2,T3Q2,5,15.3,
Damsel,2,T3Q3,1,13.3,
Damsel,2,T3Q3,2,9.7,
Damsel,2,T3Q3,3,12.2,
Damsel,2,T3Q3,4,10.7,
Damsel,2,T3Q3,5,9.7,
Angel2,2,T1Q1,1,7.4,
Angel2,2,T1Q1,2,10.3,
Angel2,2,T1Q1,3,10.8,
Angel2,2,T1Q1,4,13.4,
Angel2,2,T1Q1,5,8.3,
Angel2,2,T1Q2,1,7.1,
Angel2,2,T1Q2,2,7.8,
Angel2,2,T1Q2,3,12.5,
Angel2,2,T1Q2,4,10.8,
Angel2,2,T1Q2,5,11.1,
Angel2,2,T1Q3,1,9.5,
Angel2,2,T1Q3,2,10.5,
Angel2,2,T1Q3,3,13.2,
Angel2,2,T1Q3,4,8.6,
Angel2,2,T1Q3,5,9.8,
Angel2,2,T2Q1,1,10.5,
Angel2,2,T2Q1,2,12.1,
Angel2,2,T2Q1,3,8.5,
Angel2,2,T2Q1,4,8.7,
Angel2,2,T2Q1,5,14.5,
Angel2,2,T2Q2,1,9.1,
Angel2,2,T2Q2,2,10.9,
Angel2,2,T2Q2,3,7.8,
Angel2,2,T2Q2,4,9.2,
Angel2,2,T2Q2,5,10.2,
Angel2,2,T2Q3,1,9.2,
Angel2,2,T2Q3,2,9,
Angel2,2,T2Q3,3,7.3,
Angel2,2,T2Q3,4,11.5,
Angel2,2,T2Q3,5,9.8,
Angel2,2,T3Q1,1,12.5,
Angel2,2,T3Q1,2,10.4,
Angel2,2,T3Q1,3,9.5,
Angel2,2,T3Q1,4,16.6,
Angel2,2,T3Q1,5,13.1,
Angel2,2,T3Q2,1,7.6,
Angel2,2,T3Q2,2,9.4,
Angel2,2,T3Q2,3,8.6,
Angel2,2,T3Q2,4,10.8,
Angel2,2,T3Q2,5,9.8,
Angel2,2,T3Q3,1,7.5,
Angel2,2,T3Q3,2,5.6,
Angel2,2,T3Q3,3,8.9,
Angel2,2,T3Q3,4,8.7,
Angel2,2,T3Q3,5,9.4,
Check1,2,T1Q1,1,20.3,
Check1,2,T1Q1,2,23.8,
Check1,2,T1Q1,3,32.5,
Check1,2,T1Q1,4,35.6,
Check1,2,T1Q1,5,21.1,
Check1,2,T1Q2,1,30.2,
Check1,2,T1Q2,2,22.6,
Check1,2,T1Q2,3,15.6,
Check1,2,T1Q2,4,11.5,
Check1,2,T1Q2,5,26.2,
Check1,2,T1Q3,1,7.6,
Check1,2,T1Q3,2,9,
Check1,2,T1Q3,3,12.5,
Check1,2,T1Q3,4,14.5,
Check1,2,T1Q3,5,12.3,
Check1,2,T2Q1,1,9.1,
Check1,2,T2Q1,2,16.5,
Check1,2,T2Q1,3,15.8,
Check1,2,T2Q1,4,17.8,
Check1,2,T2Q1,5,16.8,
Check1,2,T2Q2,1,13.6,
Check1,2,T2Q2,2,17.4,
Check1,2,T2Q2,3,8.5,
Check1,2,T2Q2,4,11.4,
Check1,2,T2Q2,5,17.7,
Check1,2,T2Q3,1,10.7,
Check1,2,T2Q3,2,8.9,
Check1,2,T2Q3,3,11.2,
Check1,2,T2Q3,4,11.4,
Check1,2,T2Q3,5,10.6,
Check1,2,T3Q1,1,16.7,
Check1,2,T3Q1,2,18.4,
Check1,2,T3Q1,3,21.2,
Check1,2,T3Q1,4,23,
Check1,2,T3Q1,5,18.5,
Check1,2,T3Q2,1,16.2,
Check1,2,T3Q2,2,22.7,
Check1,2,T3Q2,3,20.8,
Check1,2,T3Q2,4,14.3,
Check1,2,T3Q2,5,17.8,
Check1,2,T3Q3,1,13.2,
Check1,2,T3Q3,2,12.6,
Check1,2,T3Q3,3,13.2,
Check1,2,T3Q3,4,19.6,
Check1,2,T3Q3,5,14.2,
Biscuit,2,T1Q1,1,17,
Biscuit,2,T1Q1,2,19.1,
Biscuit,2,T1Q1,3,21.2,
Biscuit,2,T1Q1,4,29.7,
Biscuit,2,T1Q1,5,21.2,
Biscuit,2,T1Q2,1,16.3,
Biscuit,2,T1Q2,2,16.7,
Biscuit,2,T1Q2,3,21.2,
Biscuit,2,T1Q2,4,23.9,
Biscuit,2,T1Q2,5,14.4,
Biscuit,2,T1Q3,1,10.5,
Biscuit,2,T1Q3,2,11.7,
Biscuit,2,T1Q3,3,12.3,
Biscuit,2,T1Q3,4,9,
Biscuit,2,T1Q3,5,13.1,
Biscuit,2,T2Q1,1,12.5,
Biscuit,2,T2Q1,2,10.1,
Biscuit,2,T2Q1,3,9.5,
Biscuit,2,T2Q1,4,13.1,
Biscuit,2,T2Q1,5,14.2,
Biscuit,2,T2Q2,1,15.9,
Biscuit,2,T2Q2,2,6.5,
Biscuit,2,T2Q2,3,8.8,
Biscuit,2,T2Q2,4,8.6,
Biscuit,2,T2Q2,5,10.6,
Biscuit,2,T2Q3,1,5.3,
Biscuit,2,T2Q3,2,8.3,
Biscuit,2,T2Q3,3,9,
Biscuit,2,T2Q3,4,7.8,
Biscuit,2,T2Q3,5,9.1,
Biscuit,2,T3Q1,1,13.3,
Biscuit,2,T3Q1,2,13.4,
Biscuit,2,T3Q1,3,14.1,
Biscuit,2,T3Q1,4,16.1,
Biscuit,2,T3Q1,5,17.2,
Biscuit,2,T3Q2,1,9.7,
Biscuit,2,T3Q2,2,10.1,
Biscuit,2,T3Q2,3,12.1,
Biscuit,2,T3Q2,4,6.7,
Biscuit,2,T3Q2,5,11.1,
Biscuit,2,T3Q3,1,8.4,
Biscuit,2,T3Q3,2,5.3,
Biscuit,2,T3Q3,3,6.6,
Biscuit,2,T3Q3,4,8,
Biscuit,2,T3Q3,5,5.2,
94North,2,T1Q1,1,7.3,
94North,2,T1Q1,2,7.4,
94North,2,T1Q1,3,11.2,
94North,2,T1Q1,4,6.4,
94North,2,T1Q1,5,7.6,
94North,2,T1Q2,1,6.1,
94North,2,T1Q2,2,11.9,
94North,2,T1Q2,3,7.2,
94North,2,T1Q2,4,12.7,
94North,2,T1Q2,5,8.2,
94North,2,T1Q3,1,9.6,
94North,2,T1Q3,2,10.1,
94North,2,T1Q3,3,8.3,
94North,2,T1Q3,4,9.9,
94North,2,T1Q3,5,7.9,
94North,2,T2Q1,1,11.4,
94North,2,T2Q1,2,8,
94North,2,T2Q1,3,11.8,
94North,2,T2Q1,4,12.5,
94North,2,T2Q1,5,10.6,
94North,2,T2Q2,1,10.9,
94North,2,T2Q2,2,9.1,
94North,2,T2Q2,3,10.6,
94North,2,T2Q2,4,11.3,
94North,2,T2Q2,5,11.9,
94North,2,T2Q3,1,8.3,
94North,2,T2Q3,2,11.3,
94North,2,T2Q3,3,8.4,
94North,2,T2Q3,4,6.3,
94North,2,T2Q3,5,8.7,
94North,2,T3Q1,1,8.6,
94North,2,T3Q1,2,8.9,
94North,2,T3Q1,3,8.1,
94North,2,T3Q1,4,8.5,
94North,2,T3Q1,5,8.6,
94North,2,T3Q2,1,13,
94North,2,T3Q2,2,9.5,
94North,2,T3Q2,3,11.4,
94North,2,T3Q2,4,13.4,
94North,2,T3Q2,5,10.2,
94North,2,T3Q3,1,11.8,
94North,2,T3Q3,2,7,
94North,2,T3Q3,3,10.8,
94North,2,T3Q3,4,7.6,
94North,2,T3Q3,5,10.1,
LS02,2,T1Q1,1,14.3,
LS02,2,T1Q1,2,18.4,
LS02,2,T1Q1,3,24.9,
LS02,2,T1Q1,4,11.8,
LS02,2,T1Q1,5,19.2,
LS02,2,T1Q2,1,9,
LS02,2,T1Q2,2,12.1,
LS02,2,T1Q2,3,15.4,
LS02,2,T1Q2,4,9.1,
LS02,2,T1Q2,5,8.9,
LS02,2,T1Q3,1,8.6,
LS02,2,T1Q3,2,8.3,
LS02,2,T1Q3,3,9,
LS02,2,T1Q3,4,7.8,
LS02,2,T1Q3,5,8.4,
LS02,2,T2Q1,1,12.1,
LS02,2,T2Q1,2,20.1,
LS02,2,T2Q1,3,13.2,
LS02,2,T2Q1,4,19.6,
LS02,2,T2Q1,5,15.9,
LS02,2,T2Q2,1,11.3,
LS02,2,T2Q2,2,11.6,
LS02,2,T2Q2,3,6.5,
LS02,2,T2Q2,4,14.9,
LS02,2,T2Q2,5,12.7,
LS02,2,T2Q3,1,8.4,
LS02,2,T2Q3,2,9.8,
LS02,2,T2Q3,3,7.5,
LS02,2,T2Q3,4,8.9,
LS02,2,T2Q3,5,8,
LS02,2,T3Q1,1,23.7,
LS02,2,T3Q1,2,18.1,
LS02,2,T3Q1,3,25.7,
LS02,2,T3Q1,4,16.8,
LS02,2,T3Q1,5,22.9,
LS02,2,T3Q2,1,20.8,
LS02,2,T3Q2,2,9.6,
LS02,2,T3Q2,3,14.4,
LS02,2,T3Q2,4,10.7,
LS02,2,T3Q2,5,8.9,
LS02,2,T3Q3,1,8.1,
LS02,2,T3Q3,2,13.5,
LS02,2,T3Q3,3,9,
LS02,2,T3Q3,4,8.5,
LS02,2,T3Q3,5,6.4,
NF17,2,T1Q1,1,15.2,
NF17,2,T1Q1,2,19.2,
NF17,2,T1Q1,3,12.6,
NF17,2,T1Q1,4,21.6,
NF17,2,T1Q1,5,21.7,
NF17,2,T1Q2,1,17.4,
NF17,2,T1Q2,2,13.5,
NF17,2,T1Q2,3,16.4,
NF17,2,T1Q2,4,16.5,
NF17,2,T1Q2,5,12.6,
NF17,2,T1Q3,1,16.4,
NF17,2,T1Q3,2,11,
NF17,2,T1Q3,3,14.1,
NF17,2,T1Q3,4,10.6,
NF17,2,T1Q3,5,15.2,
NF17,2,T2Q1,1,18.2,
NF17,2,T2Q1,2,17,
NF17,2,T2Q1,3,12.9,
NF17,2,T2Q1,4,11.5,
NF17,2,T2Q1,5,15.8,
NF17,2,T2Q2,1,13.3,
NF17,2,T2Q2,2,13.9,
NF17,2,T2Q2,3,11.5,
NF17,2,T2Q2,4,11.7,
NF17,2,T2Q2,5,10.7,
NF17,2,T2Q3,1,9.3,
NF17,2,T2Q3,2,8.3,
NF17,2,T2Q3,3,11.3,
NF17,2,T2Q3,4,10.2,
NF17,2,T2Q3,5,7.9,
NF17,2,T3Q1,1,16.9,
NF17,2,T3Q1,2,11.3,
NF17,2,T3Q1,3,11.5,
NF17,2,T3Q1,4,11.4,
NF17,2,T3Q1,5,17,
NF17,2,T3Q2,1,20.6,
NF17,2,T3Q2,2,12.3,
NF17,2,T3Q2,3,11.3,
NF17,2,T3Q2,4,10.6,
NF17,2,T3Q2,5,12.3,
NF17,2,T3Q3,1,16.6,
NF17,2,T3Q3,2,14.4,
NF17,2,T3Q3,3,12.2,
NF17,2,T3Q3,4,11.6,
NF17,2,T3Q3,5,11.6,
74Tall,2,T1Q1,1,11,
74Tall,2,T1Q1,2,13.8,
74Tall,2,T1Q1,3,9.8,
74Tall,2,T1Q1,4,10.3,
74Tall,2,T1Q1,5,15.7,
74Tall,2,T1Q2,1,5.5,
74Tall,2,T1Q2,2,9.3,
74Tall,2,T1Q2,3,10.5,
74Tall,2,T1Q2,4,13.6,
74Tall,2,T1Q2,5,5.5,
74Tall,2,T1Q3,1,8.1,
74Tall,2,T1Q3,2,9.1,
74Tall,2,T1Q3,3,9.3,
74Tall,2,T1Q3,4,8.3,
74Tall,2,T1Q3,5,9.8,
74Tall,2,T2Q1,1,12.5,
74Tall,2,T2Q1,2,10.4,
74Tall,2,T2Q1,3,10.6,
74Tall,2,T2Q1,4,11.8,
74Tall,2,T2Q1,5,14.9,
74Tall,2,T2Q2,1,4,
74Tall,2,T2Q2,2,4.8,
74Tall,2,T2Q2,3,8.5,
74Tall,2,T2Q2,4,8.9,
74Tall,2,T2Q2,5,7.8,
74Tall,2,T2Q3,1,5,
74Tall,2,T2Q3,2,5.2,
74Tall,2,T2Q3,3,4.4,
74Tall,2,T2Q3,4,6.3,
74Tall,2,T2Q3,5,5.4,
74Tall,2,T3Q1,1,10.8,
74Tall,2,T3Q1,2,18.8,
74Tall,2,T3Q1,3,18.8,
74Tall,2,T3Q1,4,14.3,
74Tall,2,T3Q1,5,12.2,
74Tall,2,T3Q2,1,10.4,
74Tall,2,T3Q2,2,10.5,
74Tall,2,T3Q2,3,10.3,
74Tall,2,T3Q2,4,13.7,
74Tall,2,T3Q2,5,15,
74Tall,2,T3Q3,1,3.7,
74Tall,2,T3Q3,2,3.1,
74Tall,2,T3Q3,3,3.9,
74Tall,2,T3Q3,4,,
74Tall,2,T3Q3,5,,
96,2,T1Q1,1,19.6,
96,2,T1Q1,2,15.1,
96,2,T1Q1,3,13.2,
96,2,T1Q1,4,13.8,
96,2,T1Q1,5,20.6,
96,2,T1Q2,1,15.4,
96,2,T1Q2,2,10.3,
96,2,T1Q2,3,11.2,
96,2,T1Q2,4,14.2,
96,2,T1Q2,5,13.4,
96,2,T1Q3,1,19.2,
96,2,T1Q3,2,10.4,
96,2,T1Q3,3,11.9,
96,2,T1Q3,4,11.4,
96,2,T1Q3,5,9.5,
96,2,T2Q1,1,15.5,
96,2,T2Q1,2,26.7,
96,2,T2Q1,3,23.6,
96,2,T2Q1,4,25.1,
96,2,T2Q1,5,15.3,
96,2,T2Q2,1,16.9,
96,2,T2Q2,2,14.5,
96,2,T2Q2,3,13.3,
96,2,T2Q2,4,11.5,
96,2,T2Q2,5,12.5,
96,2,T2Q3,1,8.3,
96,2,T2Q3,2,8.8,
96,2,T2Q3,3,10.1,
96,2,T2Q3,4,8.4,
96,2,T2Q3,5,9.1,
96,2,T3Q1,1,15.5,
96,2,T3Q1,2,26.7,
96,2,T3Q1,3,19.1,
96,2,T3Q1,4,17.2,
96,2,T3Q1,5,16,
96,2,T3Q2,1,17.1,
96,2,T3Q2,2,15.3,
96,2,T3Q2,3,16.3,
96,2,T3Q2,4,12.3,
96,2,T3Q2,5,16.2,
96,2,T3Q3,1,8,
96,2,T3Q3,2,10.4,
96,2,T3Q3,3,11.5,
96,2,T3Q3,4,9.4,
96,2,T3Q3,5,10.1,
57,2,T1Q1,1,10.3,
57,2,T1Q1,2,17.3,
57,2,T1Q1,3,13.6,
57,2,T1Q1,4,12,
57,2,T1Q1,5,16,
57,2,T1Q2,1,8.6,
57,2,T1Q2,2,11.7,
57,2,T1Q2,3,7,
57,2,T1Q2,4,10.2,
57,2,T1Q2,5,8,
57,2,T1Q3,1,8.4,
57,2,T1Q3,2,8.5,
57,2,T1Q3,3,7.3,
57,2,T1Q3,4,10.3,
57,2,T1Q3,5,11.8,
57,2,T2Q1,1,19,
57,2,T2Q1,2,10.8,
57,2,T2Q1,3,25.7,
57,2,T2Q1,4,20.4,
57,2,T2Q1,5,17.1,
57,2,T2Q2,1,8.8,
57,2,T2Q2,2,12.3,
57,2,T2Q2,3,10.3,
57,2,T2Q2,4,10.2,
57,2,T2Q2,5,11.1,
57,2,T2Q3,1,10.4,
57,2,T2Q3,2,10.9,
57,2,T2Q3,3,12.7,
57,2,T2Q3,4,9.4,
57,2,T2Q3,5,10.6,
57,2,T3Q1,1,9.8,
57,2,T3Q1,2,11.8,
57,2,T3Q1,3,13.6,
57,2,T3Q1,4,9.6,
57,2,T3Q1,5,9.6,
57,2,T3Q2,1,13.3,
57,2,T3Q2,2,11.4,
57,2,T3Q2,3,13.6,
57,2,T3Q2,4,6.7,
57,2,T3Q2,5,9.6,
57,2,T3Q3,1,9.6,
57,2,T3Q3,2,9.4,
57,2,T3Q3,3,11.1,
57,2,T3Q3,4,7.3,
57,2,T3Q3,5,8.7,
Josh,2,T1Q1,1,23.8,
Josh,2,T1Q1,2,16.2,
Josh,2,T1Q1,3,21.2,
Josh,2,T1Q1,4,13.6,
Josh,2,T1Q1,5,15.8,
Josh,2,T1Q2,1,8,
Josh,2,T1Q2,2,7.7,
Josh,2,T1Q2,3,7.5,
Josh,2,T1Q2,4,11,
Josh,2,T1Q2,5,8,
Josh,2,T1Q3,1,8.8,
Josh,2,T1Q3,2,8.5,
Josh,2,T1Q3,3,9.5,
Josh,2,T1Q3,4,7,
Josh,2,T1Q3,5,7.4,
Josh,2,T2Q1,1,16.5,
Josh,2,T2Q1,2,9.5,
Josh,2,T2Q1,3,11.4,
Josh,2,T2Q1,4,11.8,
Josh,2,T2Q1,5,15.8,
Josh,2,T2Q2,1,11.6,
Josh,2,T2Q2,2,7.8,
Josh,2,T2Q2,3,10.1,
Josh,2,T2Q2,4,10.1,
Josh,2,T2Q2,5,8.8,
Josh,2,T2Q3,1,8.5,
Josh,2,T2Q3,2,9.8,
Josh,2,T2Q3,3,8.8,
Josh,2,T2Q3,4,10.2,
Josh,2,T2Q3,5,12.3,
Josh,2,T3Q1,1,13.8,
Josh,2,T3Q1,2,15.5,
Josh,2,T3Q1,3,15.5,
Josh,2,T3Q1,4,12.3,
Josh,2,T3Q1,5,11.3,
Josh,2,T3Q2,1,9.8,
Josh,2,T3Q2,2,14.6,
Josh,2,T3Q2,3,8.3,
Josh,2,T3Q2,4,13.5,
Josh,2,T3Q2,5,8.5,
Josh,2,T3Q3,1,12.1,
Josh,2,T3Q3,2,13.2,
Josh,2,T3Q3,3,18.2,
Josh,2,T3Q3,4,10.5,
Josh,2,T3Q3,5,9,
76S,2,T1Q1,1,11.6,
76S,2,T1Q1,2,21,
76S,2,T1Q1,3,24.5,
76S,2,T1Q1,4,16.4,
76S,2,T1Q1,5,20.3,
76S,2,T1Q2,1,15.9,
76S,2,T1Q2,2,15.6,
76S,2,T1Q2,3,12.8,
76S,2,T1Q2,4,18.9,
76S,2,T1Q2,5,23.6,
76S,2,T1Q3,1,10.3,
76S,2,T1Q3,2,11.2,
76S,2,T1Q3,3,11.7,
76S,2,T1Q3,4,9.5,
76S,2,T1Q3,5,15.6,
76S,2,T2Q1,1,22.8,
76S,2,T2Q1,2,18.6,
76S,2,T2Q1,3,22.7,
76S,2,T2Q1,4,19.6,
76S,2,T2Q1,5,20.7,
76S,2,T2Q2,1,12.9,
76S,2,T2Q2,2,15.2,
76S,2,T2Q2,3,18.2,
76S,2,T2Q2,4,20.4,
76S,2,T2Q2,5,15.3,
76S,2,T2Q3,1,22.3,
76S,2,T2Q3,2,12.6,
76S,2,T2Q3,3,14.6,
76S,2,T2Q3,4,11.6,
76S,2,T2Q3,5,11.8,
76S,2,T3Q1,1,11,
76S,2,T3Q1,2,24.7,
76S,2,T3Q1,3,19.1,
76S,2,T3Q1,4,14,
76S,2,T3Q1,5,21.2,
76S,2,T3Q2,1,17.3,
76S,2,T3Q2,2,20.3,
76S,2,T3Q2,3,15,
76S,2,T3Q2,4,24.3,
76S,2,T3Q2,5,16.8,
76S,2,T3Q3,1,14.3,
76S,2,T3Q3,2,12,
76S,2,T3Q3,3,14.2,
76S,2,T3Q3,4,14.1,
76S,2,T3Q3,5,17.5,
Lakeisha,2,T1Q1,1,21,
Lakeisha,2,T1Q1,2,21.1,
Lakeisha,2,T1Q1,3,17.6,
Lakeisha,2,T1Q1,4,17.2,
Lakeisha,2,T1Q1,5,17.4,
Lakeisha,2,T1Q2,1,13.1,
Lakeisha,2,T1Q2,2,9.3,
Lakeisha,2,T1Q2,3,15,
Lakeisha,2,T1Q2,4,14.8,
Lakeisha,2,T1Q2,5,13,
Lakeisha,2,T1Q3,1,8.2,
Lakeisha,2,T1Q3,2,13.4,
Lakeisha,2,T1Q3,3,12.5,
Lakeisha,2,T1Q3,4,9.9,
Lakeisha,2,T1Q3,5,11.8,
Lakeisha,2,T2Q1,1,11.8,
Lakeisha,2,T2Q1,2,20.2,
Lakeisha,2,T2Q1,3,16.8,
Lakeisha,2,T2Q1,4,22.2,
Lakeisha,2,T2Q1,5,22.4,
Lakeisha,2,T2Q2,1,12.7,
Lakeisha,2,T2Q2,2,15.2,
Lakeisha,2,T2Q2,3,12.8,
Lakeisha,2,T2Q2,4,17.3,
Lakeisha,2,T2Q2,5,12.2,
Lakeisha,2,T2Q3,1,11.6,
Lakeisha,2,T2Q3,2,13.3,
Lakeisha,2,T2Q3,3,11.8,
Lakeisha,2,T2Q3,4,10.2,
Lakeisha,2,T2Q3,5,11.6,
Lakeisha,2,T3Q1,1,14.7,
Lakeisha,2,T3Q1,2,20.2,
Lakeisha,2,T3Q1,3,26.7,
Lakeisha,2,T3Q1,4,30.2,
Lakeisha,2,T3Q1,5,24.6,
Lakeisha,2,T3Q2,1,13.9,
Lakeisha,2,T3Q2,2,11.7,
Lakeisha,2,T3Q2,3,10.9,
Lakeisha,2,T3Q2,4,8.6,
Lakeisha,2,T3Q2,5,12,
Lakeisha,2,T3Q3,1,11,
Lakeisha,2,T3Q3,2,9.2,
Lakeisha,2,T3Q3,3,10,
Lakeisha,2,T3Q3,4,10.7,
Lakeisha,2,T3Q3,5,7.3,
F5Small,2,T1Q1,1,20.5,
F5Small,2,T1Q1,2,20.2,
F5Small,2,T1Q1,3,20.3,
F5Small,2,T1Q1,4,21.7,
F5Small,2,T1Q1,5,31.3,
F5Small,2,T1Q2,1,14.9,
F5Small,2,T1Q2,2,10.4,
F5Small,2,T1Q2,3,13.7,
F5Small,2,T1Q2,4,11.7,
F5Small,2,T1Q2,5,14.5,
F5Small,2,T1Q3,1,9.8,
F5Small,2,T1Q3,2,8.4,
F5Small,2,T1Q3,3,16.5,
F5Small,2,T1Q3,4,10.8,
F5Small,2,T1Q3,5,9.4,
F5Small,2,T2Q1,1,17.8,
F5Small,2,T2Q1,2,20.3,
F5Small,2,T2Q1,3,16.7,
F5Small,2,T2Q1,4,21.6,
F5Small,2,T2Q1,5,16.5,
F5Small,2,T2Q2,1,15.4,
F5Small,2,T2Q2,2,12.1,
F5Small,2,T2Q2,3,12.7,
F5Small,2,T2Q2,4,13.4,
F5Small,2,T2Q2,5,14.2,
F5Small,2,T2Q3,1,9.7,
F5Small,2,T2Q3,2,11.5,
F5Small,2,T2Q3,3,13.5,
F5Small,2,T2Q3,4,7.8,
F5Small,2,T2Q3,5,10,
F5Small,2,T3Q1,1,21.8,
F5Small,2,T3Q1,2,20.9,
F5Small,2,T3Q1,3,22.5,
F5Small,2,T3Q1,4,21,
F5Small,2,T3Q1,5,15.5,
F5Small,2,T3Q2,1,13.5,
F5Small,2,T3Q2,2,12.2,
F5Small,2,T3Q2,3,11.6,
F5Small,2,T3Q2,4,16.1,
F5Small,2,T3Q2,5,13,
F5Small,2,T3Q3,1,13.1,
F5Small,2,T3Q3,2,17.8,
F5Small,2,T3Q3,3,12,
F5Small,2,T3Q3,4,9,
F5Small,2,T3Q3,5,9.7,
Shit'sCreek,2,T1Q1,1,12.3,
Shit'sCreek,2,T1Q1,2,18.1,
Shit'sCreek,2,T1Q1,3,11.3,
Shit'sCreek,2,T1Q1,4,24.5,
Shit'sCreek,2,T1Q1,5,17.3,
Shit'sCreek,2,T1Q2,1,11.9,
Shit'sCreek,2,T1Q2,2,10.6,
Shit'sCreek,2,T1Q2,3,10.5,
Shit'sCreek,2,T1Q2,4,15.8,
Shit'sCreek,2,T1Q2,5,10.9,
Shit'sCreek,2,T1Q3,1,8.9,
Shit'sCreek,2,T1Q3,2,12,
Shit'sCreek,2,T1Q3,3,8,
Shit'sCreek,2,T1Q3,4,9.6,
Shit'sCreek,2,T1Q3,5,10.8,
Shit'sCreek,2,T2Q1,1,20,
Shit'sCreek,2,T2Q1,2,27.5,
Shit'sCreek,2,T2Q1,3,23,
Shit'sCreek,2,T2Q1,4,16.4,
Shit'sCreek,2,T2Q1,5,23.3,
Shit'sCreek,2,T2Q2,1,12.5,
Shit'sCreek,2,T2Q2,2,9.3,
Shit'sCreek,2,T2Q2,3,8.8,
Shit'sCreek,2,T2Q2,4,10.7,
Shit'sCreek,2,T2Q2,5,14.9,
Shit'sCreek,2,T2Q3,1,8.3,
Shit'sCreek,2,T2Q3,2,6,
Shit'sCreek,2,T2Q3,3,7.2,
Shit'sCreek,2,T2Q3,4,10.4,
Shit'sCreek,2,T2Q3,5,8.5,
Shit'sCreek,2,T3Q1,1,22.6,
Shit'sCreek,2,T3Q1,2,17.6,
Shit'sCreek,2,T3Q1,3,18,
Shit'sCreek,2,T3Q1,4,15.8,
Shit'sCreek,2,T3Q1,5,16.8,
Shit'sCreek,2,T3Q2,1,17.5,
Shit'sCreek,2,T3Q2,2,18,
Shit'sCreek,2,T3Q2,3,14.8,
Shit'sCreek,2,T3Q2,4,16.5,
Shit'sCreek,2,T3Q2,5,19,
Shit'sCreek,2,T3Q3,1,11,
Shit'sCreek,2,T3Q3,2,12.2,
Shit'sCreek,2,T3Q3,3,12,
Shit'sCreek,2,T3Q3,4,10.9,
Shit'sCreek,2,T3Q3,5,12.3,
NF15,2,T1Q1,1,16.4,
NF15,2,T1Q1,2,16,
NF15,2,T1Q1,3,18.8,
NF15,2,T1Q1,4,23.8,
NF15,2,T1Q1,5,21.8,
NF15,2,T1Q2,1,21.7,
NF15,2,T1Q2,2,22.8,
NF15,2,T1Q2,3,19.5,
NF15,2,T1Q2,4,17.5,
NF15,2,T1Q2,5,15.3,
NF15,2,T1Q3,1,14.4,
NF15,2,T1Q3,2,16,
NF15,2,T1Q3,3,10.7,
NF15,2,T1Q3,4,14.6,
NF15,2,T1Q3,5,15.3,
NF15,2,T2Q1,1,15.8,
NF15,2,T2Q1,2,26.7,
NF15,2,T2Q1,3,27.1,
NF15,2,T2Q1,4,16.8,
NF15,2,T2Q1,5,20.2,
NF15,2,T2Q2,1,13.5,
NF15,2,T2Q2,2,13.3,
NF15,2,T2Q2,3,13.6,
NF15,2,T2Q2,4,10.3,
NF15,2,T2Q2,5,13.9,
NF15,2,T2Q3,1,11.3,
NF15,2,T2Q3,2,12.6,
NF15,2,T2Q3,3,9.7,
NF15,2,T2Q3,4,13.3,
NF15,2,T2Q3,5,11.8,
NF15,2,T3Q1,1,34.5,
NF15,2,T3Q1,2,35.6,
NF15,2,T3Q1,3,36.9,
NF15,2,T3Q1,4,28.7,
NF15,2,T3Q1,5,31.6,
NF15,2,T3Q2,1,13.5,
NF15,2,T3Q2,2,19.2,
NF15,2,T3Q2,3,15.5,
NF15,2,T3Q2,4,17,
NF15,2,T3Q2,5,15.2,
NF15,2,T3Q3,1,14.4,
NF15,2,T3Q3,2,10.5,
NF15,2,T3Q3,3,10.6,
NF15,2,T3Q3,4,16.8,
NF15,2,T3Q3,5,11.4,
90stop,2,T1Q1,1,16.6,
90stop,2,T1Q1,2,13.2,
90stop,2,T1Q1,3,9.1,
90stop,2,T1Q1,4,10.1,
90stop,2,T1Q1,5,12.6,
90stop,2,T1Q2,1,13,
90stop,2,T1Q2,2,9.1,
90stop,2,T1Q2,3,15.5,
90stop,2,T1Q2,4,12.6,
90stop,2,T1Q2,5,10.1,
90stop,2,T1Q3,1,9.1,
90stop,2,T1Q3,2,12.6,
90stop,2,T1Q3,3,9.1,
90stop,2,T1Q3,4,12.1,
90stop,2,T1Q3,5,8.5,
90stop,2,T2Q1,1,24.6,
90stop,2,T2Q1,2,19.6,
90stop,2,T2Q1,3,18.2,
90stop,2,T2Q1,4,22.9,
90stop,2,T2Q1,5,18.7,
90stop,2,T2Q2,1,14.5,
90stop,2,T2Q2,2,12.2,
90stop,2,T2Q2,3,9.6,
90stop,2,T2Q2,4,11.7,
90stop,2,T2Q2,5,9.8,
90stop,2,T2Q3,1,6.8,
90stop,2,T2Q3,2,8.6,
90stop,2,T2Q3,3,9.6,
90stop,2,T2Q3,4,13.9,
90stop,2,T2Q3,5,10.5,
90stop,2,T3Q1,1,13,
90stop,2,T3Q1,2,10.3,
90stop,2,T3Q1,3,10.2,
90stop,2,T3Q1,4,11.8,
90stop,2,T3Q1,5,10.6,
90stop,2,T3Q2,1,8.6,
90stop,2,T3Q2,2,10.5,
90stop,2,T3Q2,3,10.5,
90stop,2,T3Q2,4,13.8,
90stop,2,T3Q2,5,11.8,
90stop,2,T3Q3,1,21.5,
90stop,2,T3Q3,2,18.2,
90stop,2,T3Q3,3,9,
90stop,2,T3Q3,4,10.4,
90stop,2,T3Q3,5,9.5,
85,2,T1Q1,1,23.7,
85,2,T1Q1,2,16.4,
85,2,T1Q1,3,18,
85,2,T1Q1,4,10.6,
85,2,T1Q1,5,13.1,
85,2,T1Q2,1,13.2,
85,2,T1Q2,2,12.8,
85,2,T1Q2,3,10.3,
85,2,T1Q2,4,10.2,
85,2,T1Q2,5,13.1,
85,2,T1Q3,1,5.4,
85,2,T1Q3,2,8,
85,2,T1Q3,3,11.3,
85,2,T1Q3,4,8.8,
85,2,T1Q3,5,13.6,
85,2,T2Q1,1,14.2,
85,2,T2Q1,2,14.1,
85,2,T2Q1,3,11.1,
85,2,T2Q1,4,12.8,
85,2,T2Q1,5,11,
85,2,T2Q2,1,13.9,
85,2,T2Q2,2,15,
85,2,T2Q2,3,12.9,
85,2,T2Q2,4,13.6,
85,2,T2Q2,5,14.8,
85,2,T2Q3,1,8.1,
85,2,T2Q3,2,10.5,
85,2,T2Q3,3,11,
85,2,T2Q3,4,13.5,
85,2,T2Q3,5,10.1,
85,2,T3Q1,1,23.9,
85,2,T3Q1,2,22.8,
85,2,T3Q1,3,18.1,
85,2,T3Q1,4,25.4,
85,2,T3Q1,5,26.5,
85,2,T3Q2,1,14.6,
85,2,T3Q2,2,10.7,
85,2,T3Q2,3,11.5,
85,2,T3Q2,4,16.1,
85,2,T3Q2,5,13.8,
85,2,T3Q3,1,9.1,
85,2,T3Q3,2,9.4,
85,2,T3Q3,3,9.1,
85,2,T3Q3,4,10,
85,2,T3Q3,5,10.8,
