sampling_period,patch,date,time,treatment,divers,observer,transect,heading,quadrat,syringe_1,syringe_2,shoot_count,distance_patch,core_bag_num,above_ground,below_ground,shoot_bag_num,comments
0,New2,2019-05-21,13:30,natural,"RM, HW",RM,1,90,1,1,3,66,0.1,29,0.856,2.229,28,
0,New2,2019-05-21,13:30,natural,"RM, HW",HW,1,90,2,5,16,104,2.3,25,0.693,1.543,30,
0,New2,2019-05-21,13:30,natural,"RM, HW",RM,1,90,3,18,14,39,4,27,0.562,2.181,24,
0,New2,2019-05-21,13:30,natural,"RM, HW",RM,2,0,1,17,15,105,0.4,26,0.551,3.703,23,
0,New2,2019-05-21,13:30,natural,"RM, HW",HW,2,0,2,8,2,96,5.4,22,0.377,0.829,21,shoot bag went missing
0,New2,2019-05-21,13:30,natural,"RM, HW",RM,2,0,3,4,11,56,6.4,20,0.379,0.656,19,
0,New2,2019-05-21,13:30,natural,"RM, HW",RM,3,180,1,12,6,177,0.3,17,1.597,3.482,18,
0,New2,2019-05-21,13:30,natural,"RM, HW",HW,3,180,2,7,13,78,3.7,15,0.854,0.919,16,
0,New2,2019-05-21,13:30,natural,"RM, HW",HW,3,180,3,10,NA,57,5.6,13,0.678,1.362,14,
0,Montreal,2019-05-22,10:30,zero,"RM, HW",HW,1,90,1,16,13,123,0,T1Q1,0.199,0.765,T1Q1,
0,Montreal,2019-05-22,10:30,zero,"RM, HW",RM,1,90,2,7,3,117,1.2,T1Q2,0.053,2.077,T1Q2,
0,Montreal,2019-05-22,10:30,zero,"RM, HW",RM,1,90,3,5,2,18,2.5,T1Q3,0.023,0.301,T1Q3,
0,Montreal,2019-05-22,10:30,zero,"RM, HW",RM,2,0,1,14,11,100,0.5,T2Q1,0.461,0.957,T2Q1,
0,Montreal,2019-05-22,10:30,zero,"RM, HW",HW,2,0,2,17,18,135,1.2,T2Q2,0.443,0.939,M1,
0,Montreal,2019-05-22,10:30,zero,"RM, HW",RM,2,0,3,4,10,31,2.7,T2Q3,0.107,1.119,T2Q3,
0,Montreal,2019-05-22,10:30,zero,"RM, HW",HW,3,180,1,6,12,140,0.3,T3Q1,0.434,1.716,T3Q1,
0,Montreal,2019-05-22,10:30,zero,"RM, HW",RM,3,180,2,8,9,235,2,T3Q2,0.632,3.098,T3Q2,
0,Montreal,2019-05-22,10:30,zero,"RM, HW",RM,3,180,3,15,1,59,3.6,T3Q3,0.217,1.289,T3Q3,
0,94North,2019-05-22,13:30,ft,"RM, HW",HW,1,90,1,15,9,165,0.1,T1Q1,0.729,2.084,T1Q1,"seagrass not put in oven, will be put in with next batch"
0,94North,2019-05-22,13:30,ft,"RM, HW",RM,1,90,2,10,14,180,1.1,T1Q2,0.79,0.711,T1Q2,
0,94North,2019-05-22,13:30,ft,"RM, HW",HW,1,90,3,6,16,108,2.6,T1Q3,0.338,1.695,T1Q3,"seagrass not put in oven, will be put in with next batch"
0,94North,2019-05-22,13:30,ft,"RM, HW",HW,2,0,1,4,5,186,0.3,T2Q1,0.776,4.265,T2Q1,
0,94North,2019-05-22,13:30,ft,"RM, HW",RM,2,0,2,13,1,171,1.6,T2Q2,0.405,3.801,T2Q2,
0,94North,2019-05-22,13:30,ft,"RM, HW",RM,2,0,3,2,7,58,3,T2Q3,0.068,2.311,T2Q3,
0,94North,2019-05-22,13:30,ft,"RM, HW",RM,3,180,1,18,17,224,0.1,T3Q1,1.162,2.155,T3Q1,
0,94North,2019-05-22,13:30,ft,"RM, HW",HW,3,180,2,8,3,243,1.9,T3Q2,0.901,1.782,T3Q2,"T3Q2 and T3Q3 were put originally put in the opposite bags, bags were relabelled correctly at surface"
0,94North,2019-05-22,13:30,ft,"RM, HW",HW,3,180,3,11,12,189,3.6,T3Q3,1.408,1.872,T3Q3,"T3Q2 and T3Q3 were put originally put in the opposite bags, bags were relabelled correctly at surface"
0,94Urchin,2019-05-23,11:00,dd,"RM, HW",HW,1,90,1,14,11,203,0.1,T1Q1,1.303,2.893,T1Q1,
0,94Urchin,2019-05-23,11:00,dd,"RM, HW",RM,1,90,2,12,13,217,1.4,T1Q2,0.985,7.208,T1Q2,
0,94Urchin,2019-05-23,11:00,dd,"RM, HW",RM,1,90,3,15,17,114,3.4,T1Q3,0.452,6.988,T1Q3,
0,94Urchin,2019-05-23,11:00,dd,"RM, HW",HW,2,0,1,7,9,454,0,T2Q1,2.903,1.145,T2Q1,
0,94Urchin,2019-05-23,11:00,dd,"RM, HW",RM,2,0,2,8,1,398,1,T2Q2,3.197,3.844,T2Q2,
0,94Urchin,2019-05-23,11:00,dd,"RM, HW",RM,2,0,3,18,3,120,2.5,T2Q3,0.571,2.795,T2Q3,
0,94Urchin,2019-05-23,11:00,dd,"RM, HW",HW,3,180,1,5,2,193,0.1,T3Q1,1.5,2.14,T3Q1,
0,94Urchin,2019-05-23,11:00,dd,"RM, HW",RM,3,180,2,6,4,148,1.4,T3Q2,1.006,3.793,T3Q2,
0,94Urchin,2019-05-23,11:00,dd,"RM, HW",HW,3,180,3,10,16,81,3.1,T3Q3,0.353,4.191,T3Q3,
0,Cow,2019-05-24,9:30,dd,"RM, HW",RM,1,90,1,5,4,161,0,T1Q1,1.7,3.867,T1Q1,
0,Cow,2019-05-24,9:30,dd,"RM, HW",HW,1,90,2,7,2,120,0.75,T1Q2,0.482,0.736,T1Q2,
0,Cow,2019-05-24,9:30,dd,"RM, HW",RM,1,90,3,16,12,44,2.2,T1Q3,0.312,1.482,T1Q3,
0,Cow,2019-05-24,9:30,dd,"RM, HW",HW,2,0,1,18,13,95,0,T2Q1,1.043,1.405,T2Q1,"a/b biomass was accidentally placed in same bucket as T2Q3 before acid washing- attempted to separate the two into roughly the correct amounts, although weights may be slightly off"
0,Cow,2019-05-24,9:30,dd,"RM, HW",RM,2,0,2,1,6,77,0.9,T2Q2,0.755,2.231,T2Q2,
0,Cow,2019-05-24,9:30,dd,"RM, HW",RM,2,0,3,3,11,29,2.4,T2Q3,0.083,0.273,T2Q3,"a/b biomass was accidentally placed in same bucket as T2Q1 before acid washing- attempted to separate the two into roughly the correct amounts, although weights may be slightly off"
0,Cow,2019-05-24,9:30,dd,"RM, HW",HW,3,180,1,14,8,158,0,T3Q1,1.589,3.047,T3Q1,
0,Cow,2019-05-24,9:30,dd,"RM, HW",RM,3,180,2,10,9,156,1.5,T3Q2,1.671,2.364,T3Q2,
0,Cow,2019-05-24,9:30,dd,"RM, HW",RM,3,180,3,15,17,67,3,T3Q3,0.63,1.284,T3Q3,
0,Damsel,2019-05-24,12:00,natural,"RM, HW",RM,1,90,1,8,17,147,0.1,T1Q1,0.688,5.083,T1Q1,
0,Damsel,2019-05-24,12:00,natural,"RM, HW",HW,1,90,2,15,14,175,0.9,T1Q2,0.578,2.634,T1Q2,
0,Damsel,2019-05-24,12:00,natural,"RM, HW",RM,1,90,3,7,11,94,2.4,T1Q3,0.215,3.352,T1Q3,
0,Damsel,2019-05-24,12:00,natural,"RM, HW",HW,2,0,1,16,5,277,0,T2Q1,1.153,2.89,T2Q1,
0,Damsel,2019-05-24,12:00,natural,"RM, HW",RM,2,0,2,18,10,198,0.6,T2Q2,0.68,4.669,T2Q2,
0,Damsel,2019-05-24,12:00,natural,"RM, HW",RM,2,0,3,3,12,91,2.5,T2Q3,0.289,2.12,T2Q3,
0,Damsel,2019-05-24,12:00,natural,"RM, HW",RM,3,180,1,1,2,319,0,T3Q1,1.355,3.76,T3Q1,
0,Damsel,2019-05-24,12:00,natural,"RM, HW",HW,3,180,2,9,4,188,0.6,T3Q2,0.582,6.988,T3Q2,
0,Damsel,2019-05-24,12:00,natural,"RM, HW",RM,3,180,3,13,6,212,2.3,T3Q3,1.042,4.449,T3Q3,
0,E2,2019-05-24,15:30,zero,"RM, HW",RM,1,90,1,7,8,198,0.1,36,0.477,1.836,B,
0,E2,2019-05-24,15:30,zero,"RM, HW",HW,1,90,2,16,2,221,1.3,3,0.972,1.583,A,
0,E2,2019-05-24,15:30,zero,"RM, HW",RM,1,90,3,10,17,152,3.4,5,0.306,4.808,C,
0,E2,2019-05-24,15:30,zero,"RM, HW",HW,2,0,1,3,13,209,0.2,12,0.922,0.838,2,
0,E2,2019-05-24,15:30,zero,"RM, HW",RM,2,0,2,18,4,219,2.4,7,0.418,5.781,D,
0,E2,2019-05-24,15:30,zero,"RM, HW",RM,2,0,3,9,5,106,5.9,g/6/9?,0.674,1.864,1,
0,E2,2019-05-24,15:30,zero,"RM, HW",HW,3,180,1,6,1,174,2.3,32,0.34,2.632,34,
0,E2,2019-05-24,15:30,zero,"RM, HW",RM,3,180,2,12,14,162,4.6,31,0.537,7.535,33,
0,E2,2019-05-24,15:30,zero,"RM, HW",HW,3,180,3,15,11,154,6,35,0.541,3.651,4,
0,E1,2019-05-26,10:00,half,"RM, HW",RM,1,90,1,2,12,442,0.8,T1Q1,1.385,6.131,T1Q1,
0,E1,2019-05-26,10:00,half,"RM, HW",HW,1,90,2,14,7,167,2.1,T1Q2,1.175,1.963,T1Q2,
0,E1,2019-05-26,10:00,half,"RM, HW",HW,1,90,3,11,4,103,3.7,T1Q3,0.416,0.869,T1Q3,
0,E1,2019-05-26,10:00,half,"RM, HW",RM,2,0,1,5,6,254,0.1,T2Q1,0.801,4.606,T2Q1,
0,E1,2019-05-26,10:00,half,"RM, HW",HW,2,0,2,13,1,225,2.8,T2Q2,0.665,3.982,T2Q2,
0,E1,2019-05-26,10:00,half,"RM, HW",RM,2,0,3,15,17,114,4.3,T2Q3,0.606,2.231,T2Q3,
0,E1,2019-05-26,10:00,half,"RM, HW",HW,3,180,1,18,9,338,0.2,T3Q1,1.199,1.655,T3Q1,
0,E1,2019-05-26,10:00,half,"RM, HW",RM,3,180,2,3,16,240,3.9,T3Q2,1.319,5.948,T3Q2,
0,E1,2019-05-26,10:00,half,"RM, HW",RM,3,180,3,10,8,114,6,T3Q3,0.686,3.017,T3Q3,
0,Cooda,2019-05-26,13:00,dd,"RM, HW",RM,1,90,1,18,7,217,0,T1Q1,0.319,1.231,T1Q1,
0,Cooda,2019-05-26,13:00,dd,"RM, HW",HW,1,90,2,8,12,246,0.6,T1Q2,0.799,5.804,T1Q2,
0,Cooda,2019-05-26,13:00,dd,"RM, HW",HW,1,90,3,13,11,22,2.1,T1Q3,0.059,0.553,T1Q3,
0,Cooda,2019-05-26,13:00,dd,"RM, HW",RM,2,0,1,16,9,458,0,T2Q1,1.539,9.864,T2Q1,
0,Cooda,2019-05-26,13:00,dd,"RM, HW",HW,2,0,2,1,15,248,1.1,T2Q2,0.487,3.121,T2Q2,
0,Cooda,2019-05-26,13:00,dd,"RM, HW",HW,2,0,3,4,13,54,2.6,T2Q3,0.168,1.457,T2Q3,
0,Cooda,2019-05-26,13:00,dd,"RM, HW",RM,3,180,1,10,2,208,0,T3Q1,0.734,3.565,T3Q1,
0,Cooda,2019-05-26,13:00,dd,"RM, HW",HW,3,180,2,17,14,171,0.8,T3Q2,0.417,2.328,T3Q2,
0,Cooda,2019-05-26,13:00,dd,"RM, HW",RM,3,180,3,5,6,52,2.3,T3Q3,0.647,1.434,T3Q3,
0,IMC,2019-05-26,15:30,ft,"RM, HW",RM,1,90,1,16,13,224,0,T1Q1,0.878,2.01,T1Q1,
0,IMC,2019-05-26,15:30,ft,"RM, HW",HW,1,90,2,1,9,182,1.5,T1Q2,0.427,1.546,T1Q2,
0,IMC,2019-05-26,15:30,ft,"RM, HW",HW,1,90,3,5,18,21,3,T1Q3,0.079,0.754,T1Q3,
0,IMC,2019-05-26,15:30,ft,"RM, HW",RM,2,0,1,15,11,306,1.5,T2Q1,1.362,5.889,T2Q1,
0,IMC,2019-05-26,15:30,ft,"RM, HW",HW,2,0,2,4,12,184,2.9,T2Q2,0.708,3.686,T2Q2,
0,IMC,2019-05-26,15:30,ft,"RM, HW",RM,2,0,3,8,14,54,4.5,T2Q3,0.359,1.092,T2Q3,
0,IMC,2019-05-26,15:30,ft,"RM, HW",RM,3,180,1,3,7,282,1.7,T3Q1,0.798,3.611,T3Q1,
0,IMC,2019-05-26,15:30,ft,"RM, HW",HW,3,180,2,17,2,162,3.7,T3Q2,0.726,3.291,T3Q2,
0,IMC,2019-05-26,15:30,ft,"RM, HW",RM,3,180,3,6,10,48,5.8,T3Q3,0.608,1.657,T3Q3,
0,78S,2019-05-27,9:30,natural,"RM, HW",RM,1,90,1,5,13,127,0,T1Q1,0.73,2.999,T1Q1,
0,78S,2019-05-27,9:30,natural,"RM, HW",HW,1,90,2,14,16,112,1,T1Q2,0.279,2.261,T1Q2,
0,78S,2019-05-27,9:30,natural,"RM, HW",RM,1,90,3,6,9,46,2.6,T1Q3,0.234,1.5,T1Q3,
0,78S,2019-05-27,9:30,natural,"RM, HW",HW,2,0,1,8,11,162,0.1,T2Q1,1.114,1.349,T2Q1,
0,78S,2019-05-27,9:30,natural,"RM, HW",RM,2,0,2,1,17,311,1.3,T2Q2,,,T2Q2,
0,78S,2019-05-27,9:30,natural,"RM, HW",RM,2,0,3,4,7,80,3,T2Q3,0.55,2.707,T2Q3,
0,78S,2019-05-27,9:30,natural,"RM, HW",HW,3,180,1,18,2,278,0.3,T3Q1,0.394,1.495,T3Q1,
0,78S,2019-05-27,9:30,natural,"RM, HW",RM,3,180,2,15,10,229,2.3,T3Q2,1.426,6.638,T3Q2,
0,78S,2019-05-27,9:30,natural,"RM, HW",RM,3,180,3,12,3,86,3.8,T3Q3,1.249,6.642,T3Q3,
0,FFA,2019-05-27,12:00,zero,"RM, HW",HW,1,90,1,3,2,316,0,T1Q1,1.355,4.506,T1Q1,
0,FFA,2019-05-27,12:00,zero,"RM, HW",RM,1,90,2,11,4,280,1,T1Q2,0.974,2.321,T1Q2,
0,FFA,2019-05-27,12:00,zero,"RM, HW",HW,1,90,3,18,15,68,2.5,T1Q3,0.059,0.749,T1Q3,
0,FFA,2019-05-27,12:00,zero,"RM, HW",RM,2,0,1,10,8,339,0.6,T2Q1,1.529,9.221,T2Q1,
0,FFA,2019-05-27,12:00,zero,"RM, HW",HW,2,0,2,14,6,282,2.1,T2Q2,0.546,1.54,T2Q2,
0,FFA,2019-05-27,12:00,zero,"RM, HW",RM,2,0,3,1,13,103,3.7,T2Q3,0.509,2.952,T2Q3,
0,FFA,2019-05-27,12:00,zero,"RM, HW",HW,3,180,1,5,17,290,0.1,T3Q1,0.773,0.291,T3Q1,
0,FFA,2019-05-27,12:00,zero,"RM, HW",RM,3,180,2,9,7,194,0.75,T3Q2,0.607,3.028,T3Q2,
0,FFA,2019-05-27,12:00,zero,"RM, HW",RM,3,180,3,16,12,27,2.7,T3Q3,0.096,0.837,T3Q3,
0,Check5,2019-05-27,14:30,half,"RM, HW",RM,1,90,1,15,13,115,0,T1Q1,1.239,1.555,T1Q1,
0,Check5,2019-05-27,14:30,half,"RM, HW",HW,1,90,2,18,14,233,1.8,T1Q2,0.591,3.434,T1Q2,
0,Check5,2019-05-27,14:30,half,"RM, HW",RM,1,90,3,16,2,120,3.4,T1Q3,0.303,1.869,T1Q3,
0,Check5,2019-05-27,14:30,half,"RM, HW",HW,2,0,1,9,6,285,0.1,T2Q1,1.242,5.532,T2Q1,
0,Check5,2019-05-27,14:30,half,"RM, HW",RM,2,0,2,17,11,229,1.6,T2Q2,0.724,9.144,T2Q2,
0,Check5,2019-05-27,14:30,half,"RM, HW",HW,2,0,3,1,10,174,3.1,T2Q3,0.555,4.432,T2Q3,
0,Check5,2019-05-27,14:30,half,"RM, HW",RM,3,180,1,12,7,215,0.3,T3Q1,0.649,5.693,T3Q1,
0,Check5,2019-05-27,14:30,half,"RM, HW",HW,3,180,2,4,5,303,2,T3Q2,0.983,4.888,T3Q2,
0,Check5,2019-05-27,14:30,half,"RM, HW",RM,3,180,3,3,8,180,3.6,T3Q3,0.307,2.73,T3Q3,
0,CT15,2019-05-28,11:00,zero,"RM, HW",,1,90,1,4,18,182,0.1,T1Q1,1.226,2.207,T1Q1,
0,CT15,2019-05-28,11:00,zero,"RM, HW",,1,90,2,7,14,212,1,T1Q2,1.347,5.121,T1Q2,
0,CT15,2019-05-28,11:00,zero,"RM, HW",,1,90,3,8,10,85,2.6,T1Q3,0.282,2.597,T1Q3,
0,CT15,2019-05-28,11:00,zero,"RM, HW",,2,0,1,2,16,214,0,T2Q1,2.246,9.947,T2Q1,
0,CT15,2019-05-28,11:00,zero,"RM, HW",,2,0,2,3,5,242,1,T2Q2,1.813,6.998,T2Q2,
0,CT15,2019-05-28,11:00,zero,"RM, HW",,2,0,3,6,12,43,2.6,T2Q3,0.253,2.065,T2Q3,
0,CT15,2019-05-28,11:00,zero,"RM, HW",,3,180,1,11,15,211,1,T3Q1,2.628,15.147,T3Q1,
0,CT15,2019-05-28,11:00,zero,"RM, HW",,3,180,2,1,13,231,2,T3Q2,0.532,0.615,T3Q2,
0,CT15,2019-05-28,11:00,zero,"RM, HW",,3,180,3,17,9,124,3.8,T3Q3,0.896,3.402,T3Q3,
0,Vancouver,2019-05-28,14:00,half,"RM, HW",,1,90,1,5,8,220,0.1,T1Q1,1.656,3.638,T1Q1,
0,Vancouver,2019-05-28,14:00,half,"RM, HW",,1,90,2,15,10,211,1.8,T1Q2,1.316,7.777,T1Q2,
0,Vancouver,2019-05-28,14:00,half,"RM, HW",,1,90,3,9,2,84,3.4,T1Q3,0.069,3.596,T1Q3,
0,Vancouver,2019-05-28,14:00,half,"RM, HW",,2,0,1,12,4,209,0.1,T2Q1,1.296,3.345,T2Q1,
0,Vancouver,2019-05-28,14:00,half,"RM, HW",,2,0,2,14,11,207,2.3,T2Q2,1.922,8.537,T2Q2,
0,Vancouver,2019-05-28,14:00,half,"RM, HW",,2,0,3,1,3,12,4.5,T2Q3,0.063,0.516,T2Q3,
0,Vancouver,2019-05-28,14:00,half,"RM, HW",,3,180,1,13,16,216,0,T3Q1,2.245,2.361,T3Q1,
0,Vancouver,2019-05-28,14:00,half,"RM, HW",,3,180,2,6,17,205,2.2,T3Q2,0.912,4.387,T3Q2,
0,Vancouver,2019-05-28,14:00,half,"RM, HW",,3,180,3,18,7,24,4.2,T3Q3,0.197,1.162,T3Q3,
0,Calgary,2019-05-28,15:00,ft,"RM, HW",HW,1,90,1,3,16,218,0,T1Q1,2.306,2.27,T1Q1,
0,Calgary,2019-05-28,15:00,ft,"RM, HW",RM,1,90,2,18,10,219,1,T1Q2,1.333,7.216,T1Q2,
0,Calgary,2019-05-28,15:00,ft,"RM, HW",HW,1,90,3,6,11,84,2.5,T1Q3,0.457,2.134,T1Q3,
0,Calgary,2019-05-28,15:00,ft,"RM, HW",RM,2,0,1,15,14,154,0.3,T2Q1,3.349,3.814,T2Q1,transect placed on left side by accident
0,Calgary,2019-05-28,15:00,ft,"RM, HW",HW,2,0,2,7,9,146,1.5,T2Q2,1.506,5.414,T2Q2,transect placed on left side by accident
0,Calgary,2019-05-28,15:00,ft,"RM, HW",RM,2,0,3,4,8,65,3,T2Q3,0.206,2.995,T2Q3,transect placed on left side by accident
0,Calgary,2019-05-28,15:00,ft,"RM, HW",RM,3,180,1,5,13,223,0.3,T3Q1,1.585,8.098,T3Q1,
0,Calgary,2019-05-28,15:00,ft,"RM, HW",HW,3,180,2,1,12,154,3.2,T3Q2,0.777,1.364,T3Q2,
0,Calgary,2019-05-28,15:00,ft,"RM, HW",RM,3,180,3,17,2,84,4.7,T3Q3,0.352,2.411,T3Q3,
0,119,2019-05-29,8:00,natural,"RM, HW",RM,1,90,1,4,1,301,0.1,T1Q1,1.136,8.513,T1Q1,
0,119,2019-05-29,8:00,natural,"RM, HW",HW,1,90,2,5,17,196,1.3,T1Q2,0.505,8.359,T1Q2,
0,119,2019-05-29,8:00,natural,"RM, HW",HW,1,90,3,18,8,81,2.8,T1Q3,0.465,0.438,T1Q3,
0,119,2019-05-29,8:00,natural,"RM, HW",HW,2,0,1,9,13,293,1.1,T2Q1,0.911,4.487,T2Q1,
0,119,2019-05-29,8:00,natural,"RM, HW",RM,2,0,2,6,7,251,2,T2Q2,0.405,3.845,T2Q2,
0,119,2019-05-29,8:00,natural,"RM, HW",RM,2,0,3,12,14,141,3.8,T2Q3,0.315,7.955,T2Q3,
0,119,2019-05-29,8:00,natural,"RM, HW",HW,3,180,1,16,15,240,0.2,T3Q1,0.556,2.543,T3Q1,
0,119,2019-05-29,8:00,natural,"RM, HW",RM,3,180,2,2,3,309,1.6,T3Q2,0.748,11.423,T3Q2,
0,119,2019-05-29,8:00,natural,"RM, HW",HW,3,180,3,10,11,173,3.1,T3Q3,0.4,7.306,T3Q3,
0,71,2019-05-29,11:00,ft,"RM, HW",HW,1,90,1,5,3,253,0,T1Q1,0.293,2.859,T1Q1,
0,71,2019-05-29,11:00,ft,"RM, HW",RM,1,90,2,9,2,325,6.7,T1Q2,0.985,10.223,T1Q2,
0,71,2019-05-29,11:00,ft,"RM, HW",HW,1,90,3,12,15,133,9,T1Q3,0.278,2.911,T1Q3,
0,71,2019-05-29,11:00,ft,"RM, HW",RM,2,0,1,1,4,271,0.1,T2Q1,1.358,8.139,T2Q1,
0,71,2019-05-29,11:00,ft,"RM, HW",HW,2,0,2,7,11,298,3.2,T2Q2,0.843,3.902,T2Q2,
0,71,2019-05-29,11:00,ft,"RM, HW",RM,2,0,3,6,13,160,5.7,T2Q3,0.344,6.013,T2Q3,
0,71,2019-05-29,11:00,ft,"RM, HW",RM,3,180,1,10,16,323,0.5,T3Q1,1.538,3.641,T3Q1,
0,71,2019-05-29,11:00,ft,"RM, HW",HW,3,180,2,14,17,373,3.4,T3Q2,1.372,9.428,T3Q2,
0,71,2019-05-29,11:00,ft,"RM, HW",RM,3,180,3,18,8,314,5.5,T3Q3,0.337,2.944,T3Q3,
0,Check3,2019-05-30,9:00,zero ,"RM, HW, RG",RM,1,90,1,2,12,236,0.4,T1Q1,0.667,5.221,T1Q1,
0,Check3,2019-05-30,9:00,zero,"RM, HW, RG",HW,1,90,2,7,17,157,1.7,T1Q2,0.241,2.039,T1Q2,
0,Check3,2019-05-30,9:00,zero ,"RM, HW, RG",RM,1,90,3,16,11,99,3.2,T1Q3,0.335,3.373,T1Q3,
0,Check3,2019-05-30,9:00,zero,"RM, HW, RG",HW,2,0,1,10,8,258,0.2,T2Q1,0.964,3.603,T2Q1,
0,Check3,2019-05-30,9:00,zero ,"RM, HW, RG",RM,2,0,2,6,14,241,1,T2Q2,1.198,3.035,T2Q2,
0,Check3,2019-05-30,9:00,zero,"RM, HW, RG",RM,2,0,3,3,4,99,3.3,T2Q3,0.228,3.517,T2Q3,
0,Check3,2019-05-30,9:00,zero ,"RM, HW, RG",RM,3,180,1,18,13,313,0,T3Q1,0.968,9.386,T3Q1,
0,Check3,2019-05-30,9:00,zero,"RM, HW, RG",RM,3,180,2,9,1,246,0.5,T3Q2,0.81,6.246,T3Q2,
0,Check3,2019-05-30,9:00,zero ,"RM, HW, RG",HW,3,180,3,5,15,55,2.2,T3Q3,0.075,1.043,T3Q3,
0,NF17,2019-05-30,11:00,ft,"RM, HW, RG",HW,1,90,1,5,13,193,0.4,T1Q1,0.692,1.451,T1Q1,
0,NF17,2019-05-30,11:00,ft,"RM, HW, RG",RM,1,90,2,8,10,254,2.2,T1Q2,0.838,8.108,T1Q2,
0,NF17,2019-05-30,11:00,ft,"RM, HW, RG",RM,1,90,3,11,9,101,4.5,T1Q3,0.267,3.43,T1Q3,
0,NF17,2019-05-30,11:00,ft,"RM, HW, RG",HW,2,0,1,6,3,204,0,T2Q1,1.049,2.939,T2Q1,
0,NF17,2019-05-30,11:00,ft,"RM, HW, RG",HW,2,0,2,1,7,231,1.2,T2Q2,0.914,5.155,T2Q2,
0,NF17,2019-05-30,11:00,ft,"RM, HW, RG",RG,2,0,3,12,15,98,3,T2Q3,0.45,3.866,T2Q3,
0,NF17,2019-05-30,11:00,ft,"RM, HW, RG",HW,3,180,1,14,18,245,0.3,T3Q1,0.885,5.813,T3Q1,
0,NF17,2019-05-30,11:00,ft,"RM, HW, RG",RG,3,180,2,16,17,172,2.2,T3Q2,0.645,3.47,T3Q2,
0,NF17,2019-05-30,11:00,ft,"RM, HW, RG",HW,3,180,3,4,2,108,4.8,T3Q3,0.252,4.376,T3Q3,
0,Angel2,2019-06-01,15:00,ft,"HW, RG",,1,90,1,17,2,185,0.1,T1Q1,0.929,5.534,T1Q1,
0,Angel2,2019-06-01,15:00,ft,"HW, RG",,1,90,2,7,6,144,0.7,T1Q2,0.307,4.095,T1Q2,
0,Angel2,2019-06-01,15:00,ft,"HW, RG",,1,90,3,10,16,63,2.2,T1Q3,0.196,2.465,T1Q3,
0,Angel2,2019-06-01,15:00,ft,"HW, RG",,2,0,1,8,9,142,0.2,T2Q1,1.369,5.848,T2Q1,
0,Angel2,2019-06-01,15:00,ft,"HW, RG",,2,0,2,3,11,151,1.8,T2Q2,0.322,1.999,T2Q2,
0,Angel2,2019-06-01,15:00,ft,"HW, RG",,2,0,3,18,13,41,3.3,T2Q3,0.106,0.132,T2Q3,
0,Angel2,2019-06-01,15:00,ft,"HW, RG",,3,180,1,14,5,228,0.1,T3Q1,1.411,4.007,T3Q1,
0,Angel2,2019-06-01,15:00,ft,"HW, RG",,3,180,2,1,15,202,0.6,T3Q2,0.605,4.948,T3Q2,
0,Angel2,2019-06-01,15:00,ft,"HW, RG",,3,180,3,12,4,58,2.1,T3Q3,0.191,0.98,T3Q3,
0,57,2019-05-31,10:00,dd,"RM, RG",,1,90,1,1,6,186,0.3,T1Q1,0.569,7.303,T1Q1,
0,57,2019-05-31,10:00,dd,"RM, RG",,1,90,2,9,10,394,1.6,T1Q2,0.576,7.199,T1Q2,
0,57,2019-05-31,10:00,dd,"RM, RG",,1,90,3,16,8,101,3.3,T1Q3,0.173,1.449,T1Q3,
0,57,2019-05-31,10:00,dd,"RM, RG",,2,0,1,2,4,310,0.1,T2Q1,2.109,6.266,T2Q1,
0,57,2019-05-31,10:00,dd,"RM, RG",,2,0,2,12,3,267,1.8,T2Q2,2.427,2.617,T2Q2,
0,57,2019-05-31,10:00,dd,"RM, RG",,2,0,3,13,7,184,3.6,T2Q3,0.434,7.559,T2Q3,
0,57,2019-05-31,10:00,dd,"RM, RG",,3,180,1,1,14,321,0,T3Q1,0.87,7.065,T3Q1,
0,57,2019-05-31,10:00,dd,"RM, RG",,3,180,2,15,5,191,1.3,T3Q2,0.783,6.861,T3Q2,
0,57,2019-05-31,10:00,dd,"RM, RG",,3,180,3,17,18,64,2.8,T3Q3,0.149,1.942,T3Q3,
0,Josh,2019-05-31,12:00,half,"HW, RG",,1,90,1,15,1,290,0.3,T1Q1,0.942,3.266,T1Q1,
0,Josh,2019-05-31,12:00,half,"HW, RG",,1,90,2,10,9,236,2.1,T1Q2,0.808,4.612,T1Q2,
0,Josh,2019-05-31,12:00,half,"HW, RG",,1,90,3,4,12,137,3.6,T1Q3,0.352,3.725,T1Q3,
0,Josh,2019-05-31,12:00,half,"HW, RG",,2,0,1,18,11,203,0.9,T2Q1,0.686,3.069,T2Q1,
0,Josh,2019-05-31,12:00,half,"HW, RG",,2,0,2,17,3,266,2.5,T2Q2,NA,NA,T2Q2,
0,Josh,2019-05-31,12:00,half,"HW, RG",,2,0,3,8,2,106,4,T2Q3,0.163,1.714,T2Q3,
0,Josh,2019-05-31,12:00,half,"HW, RG",,3,180,1,5,7,211,1.2,T3Q1,1.078,4.905,T3Q1,
0,Josh,2019-05-31,12:00,half,"HW, RG",,3,180,2,6,13,287,2.9,T3Q2,0.87,5.354,T3Q2,
0,Josh,2019-05-31,12:00,half,"HW, RG",,3,180,3,16,14,127,4.4,T3Q3,0.748,4.798,T3Q3,
0,Check1,2019-05-31,15:00,dd,"RM, HW",,1,90,1,5,14,325,0,T1Q1,1.851,33.48,T1Q1,bags labelled check5
0,Check1,2019-05-31,15:00,dd,"RM, HW",,1,90,2,9,4,116,1.3,T1Q2,1.397,4.634,T1Q2,bags labelled check5
0,Check1,2019-05-31,15:00,dd,"RM, HW",,1,90,3,12,13,103,2.8,T1Q3,0.407,1.876,T1Q3,bags labelled check5
0,Check1,2019-05-31,15:00,dd,"RM, HW",,2,0,1,17,2,378,0.5,T2Q1,2.151,16.661,T2Q1,bags labelled check5
0,Check1,2019-05-31,15:00,dd,"RM, HW",,2,0,2,15,16,258,1.7,T2Q2,1.219,6.172,T2Q2,bags labelled check5
0,Check1,2019-05-31,15:00,dd,"RM, HW",,2,0,3,11,3,100,3.4,T2Q3,0.533,6.611,T2Q3,bags labelled check5
0,Check1,2019-05-31,15:00,dd,"RM, HW",,3,180,1,18,10,348,0.3,T3Q1,3.24,27.752,T3Q1,bags labelled check5
0,Check1,2019-05-31,15:00,dd,"RM, HW",,3,180,2,8,6,299,2.5,T3Q2,1.95,6.389,T3Q2,bags labelled check5
0,Check1,2019-05-31,15:00,dd,"RM, HW",,3,180,3,7,1,170,4.2,T3Q3,0.563,14.662,T3Q3,bags labelled check5
0,Biscuit,2019-06-03,10:00,zero,"RM, RG",RM,1,90,1,8,10,124,0,T1Q1,1.092,3.957,T1Q1,
0,Biscuit,2019-06-03,10:00,zero,"RM, RG",RG,1,90,2,5,18,126,0.6,T1Q2,0.625,2.492,T1Q2,
0,Biscuit,2019-06-03,10:00,zero,"RM, RG",RG,1,90,3,4,9,121,2.2,T1Q3,0.268,4.229,T1Q3,
0,Biscuit,2019-06-03,10:00,zero,"RM, RG",RM,2,0,1,15,11,254,0.1,T2Q1,0.569,5.903,T2Q1,
0,Biscuit,2019-06-03,10:00,zero,"RM, RG",RG,2,0,2,7,14,144,0.8,T2Q2,0.211,4.158,T2Q2,
0,Biscuit,2019-06-03,10:00,zero,"RM, RG",RM,2,0,3,3,16,61,2.4,T2Q3,0.224,1.811,T2Q3,
0,Biscuit,2019-06-03,10:00,zero,"RM, RG",RM,3,180,1,1,6,385,0.4,T3Q1,1.248,8.207,T3Q1,
0,Biscuit,2019-06-03,10:00,zero,"RM, RG",RG,3,180,2,17,12,256,3.7,T3Q2,0.437,4.677,T3Q2,
0,Biscuit,2019-06-03,10:00,zero,"RM, RG",RG,3,180,3,2,13,127,5.5,T3Q3,0.569,1.482,T3Q3,
0,76S,2019-06-03,13:00,natural,"HW, RG",RG,1,90,1,10,16,231,0.1,T1Q1,1.296,4.475,T1Q1,
0,76S,2019-06-03,13:00,natural,"HW, RG",HW,1,90,2,8,15,252,1.2,T1Q2,2.381,4.175,T1Q2,
0,76S,2019-06-03,13:00,natural,"HW, RG",HW,1,90,3,5,13,137,2.5,T1Q3,1.132,5.362,T1Q3,
0,76S,2019-06-03,13:00,natural,"HW, RG",HW,2,0,1,2,9,223,0.2,T2Q1,0.987,3.512,T2Q1,
0,76S,2019-06-03,13:00,natural,"HW, RG",HW,2,0,2,3,17,197,0.8,T2Q2,1.428,6.441,T2Q2,
0,76S,2019-06-03,13:00,natural,"HW, RG",RG,2,0,3,12,7,128,2.4,T2Q3,1.415,2.882,T2Q3,
0,76S,2019-06-03,13:00,natural,"HW, RG",HW,3,180,1,4,6,289,0.3,T3Q1,1.888,5.408,T3Q1,
0,76S,2019-06-03,13:00,natural,"HW, RG",RG,3,180,2,18,1,197,1.9,T3Q2,1.891,3.482,T3Q2,
0,76S,2019-06-03,13:00,natural,"HW, RG",HW,3,180,3,14,11,133,3.4,T3Q3,0.479,7.74,T3Q3,
0,LS02,2019-06-03,16:00,natural,"RM, HW",RM,1,90,1,12,16,296,0.1,T1Q1,1.382,5.313,T1Q1,
0,LS02,2019-06-03,16:00,natural,"RM, HW",HW,1,90,2,4,10,273,1.3,T1Q2,0.891,11.541,T1Q2,
0,LS02,2019-06-03,16:00,natural,"RM, HW",HW,1,90,3,2,17,130,2.8,T1Q3,0.211,3.772,T1Q3,
0,LS02,2019-06-03,16:00,natural,"RM, HW",RM,2,0,1,8,18,346,0.3,T2Q1,1.939,9.768,T2Q1,
0,LS02,2019-06-03,16:00,natural,"RM, HW",HW,2,0,2,13,14,241,1.2,T2Q2,0.713,13.314,T2Q2,
0,LS02,2019-06-03,16:00,natural,"RM, HW",RM,2,0,3,7,1,117,2.9,T2Q3,0.342,3.03,T2Q3,
0,LS02,2019-06-03,16:00,natural,"RM, HW",RM,3,180,1,15,9,312,0,T3Q1,2.177,4.127,T3Q1,
0,LS02,2019-06-03,16:00,natural,"RM, HW",HW,3,180,2,3,5,325,1.1,T3Q2,1.179,6.482,T3Q2,
0,LS02,2019-06-03,16:00,natural,"RM, HW",RM,3,180,3,11,6,74,2.7,T3Q3,0.296,2.465,T3Q3,
0,NF15,2019-06-04,10:00,dd,"RM, HW",RM,1,90,1,12,13,144,0,T1Q1,0.496,2.575,T1Q1,
0,NF15,2019-06-04,10:00,dd,"RM, HW",HW,1,90,2,5,18,202,4,T1Q2,0.594,5.764,T1Q2,
0,NF15,2019-06-04,10:00,dd,"RM, HW",RM,1,90,3,1,10,134,5.6,T1Q3,0.347,5.448,T1Q3,
0,NF15,2019-06-04,10:00,dd,"RM, HW",HW,2,0,1,7,15,170,0.2,T2Q1,0.353,1.937,T2Q1,
0,NF15,2019-06-04,10:00,dd,"RM, HW",RM,2,0,2,11,14,185,2.8,T2Q2,0.873,9.714,T2Q2,
0,NF15,2019-06-04,10:00,dd,"RM, HW",HW,2,0,3,16,2,112,4.4,T2Q3,0.157,3.881,T2Q3,
0,NF15,2019-06-04,10:00,dd,"RM, HW",RM,3,180,1,6,3,225,0,T3Q1,1.523,4.491,T3Q1,
0,NF15,2019-06-04,10:00,dd,"RM, HW",HW,3,180,2,8,4,189,8,T3Q2,0.482,3.561,T3Q2,
0,NF15,2019-06-04,10:00,dd,"RM, HW",RM,3,180,3,9,17,154,9.6,T3Q3,0.589,1.544,T3Q3,
0,F5Small,2019-06-04,12:00,zero,"RM, RG",RM,1,90,1,17,9,222,0,T1Q1,1.714,4.999,T1Q1,
0,F5Small,2019-06-04,12:00,zero,"RM, RG",RG,1,90,2,1,2,142,0.7,T1Q2,1.173,3.168,T1Q2,
0,F5Small,2019-06-04,12:00,zero,"RM, RG",RG,1,90,3,6,13,104,2.2,T1Q3,0.53,1.464,T1Q3,
0,F5Small,2019-06-04,12:00,zero,"RM, RG",RM,2,0,1,10,14,168,0,T2Q1,2.28,3,T2Q1,
0,F5Small,2019-06-04,12:00,zero,"RM, RG",RG,2,0,2,7,16,116,0.8,T2Q2,0.784,2.242,T2Q2,
0,F5Small,2019-06-04,12:00,zero,"RM, RG",RM,2,0,3,12,13,67,2.3,T2Q3,0.672,1.939,T2Q3,
0,F5Small,2019-06-04,12:00,zero,"RM, RG",RM,3,180,1,4,18,203,0,T3Q1,2.23,2.858,T3Q1,
0,F5Small,2019-06-04,12:00,zero,"RM, RG",RG,3,180,2,5,8,102,0.6,T3Q2,1.388,2.334,T3Q2,
0,F5Small,2019-06-04,12:00,zero,"RM, RG",RM,3,180,3,15,11,53,2.2,T3Q3,0.542,1.918,T3Q3,
0,Shit'sCreek,2019-06-04,16:00,half,"HW, RG",RG,1,90,1,13,1,203,0.1,T1Q1,0.963,2.012,T1Q1,
0,Shit'sCreek,2019-06-04,16:00,half,"HW, RG",HW,1,90,2,5,11,270,1.7,T1Q2,0.988,4.334,T1Q2,
0,Shit'sCreek,2019-06-04,16:00,half,"HW, RG",RG,1,90,3,1,17,128,3.2,T1Q3,0.466,2.451,T1Q3,
0,Shit'sCreek,2019-06-04,16:00,half,"HW, RG",HW,2,0,1,3,7,236,0.6,T2Q1,1.378,1.965,T2Q1,
0,Shit'sCreek,2019-06-04,16:00,half,"HW, RG",RG,2,0,2,16,18,148,1.7,T2Q2,0.567,3.808,T2Q2,
0,Shit'sCreek,2019-06-04,16:00,half,"HW, RG",HW,2,0,3,15,4,125,3.2,T2Q3,0.322,3.832,T2Q3,
0,Shit'sCreek,2019-06-04,16:00,half,"HW, RG",HW,3,180,1,8,9,212,0.1,T3Q1,1.243,2.253,T3Q1,
0,Shit'sCreek,2019-06-04,16:00,half,"HW, RG",RG,3,180,2,12,16,212,2.9,T3Q2,0.579,7.562,T3Q2,
0,Shit'sCreek,2019-06-04,16:00,half,"HW, RG",RG,3,180,3,10,2,152,4.4,T3Q3,0.713,4.275,T3Q3,
0,Lakeisha,2019-06-05,8:00,ft,"RM, RG",RM,1,90,1,11,13,187,0,T1Q1,1.757,3.589,T1Q1,
0,Lakeisha,2019-06-05,8:00,ft,"RM, RG",RG,1,90,2,3,18,135,0.7,T1Q2,0.755,3.428,T1Q2,
0,Lakeisha,2019-06-05,8:00,ft,"RM, RG",RM,1,90,3,10,15,65,2.2,T1Q3,0.402,1.613,T1Q3,
0,Lakeisha,2019-06-05,8:00,ft,"RM, RG",RM,2,0,1,6,7,215,0,T2Q1,2.769,5.149,T2Q1,
0,Lakeisha,2019-06-05,8:00,ft,"RM, RG",RG,2,0,2,2,8,242,0.6,T2Q2,0.813,6.329,T2Q2,
0,Lakeisha,2019-06-05,8:00,ft,"RM, RG",RM,2,0,3,14,1,171,2.1,T2Q3,0.535,5.413,T2Q3,
0,Lakeisha,2019-06-05,8:00,ft,"RM, RG",RM,3,180,1,17,5,315,0.2,T3Q1,1.713,8.892,T3Q1,
0,Lakeisha,2019-06-05,8:00,ft,"RM, RG",RG,3,180,2,16,9,186,1.2,T3Q2,1.568,7.906,T3Q2,
0,Lakeisha,2019-06-05,8:00,ft,"RM, RG",RM,3,180,3,12,4,72,2.6,T3Q3,0.473,5.621,T3Q3,
0,96,2019-06-05,11:00,half,"RM, HW",RM,1,90,1,4,18,348,0,T1Q1,1.865,4.727,T1Q1,
0,96,2019-06-05,11:00,half,"RM, HW",HW,1,90,2,11,17,289,1.1,T1Q2,1.871,10.209,T1Q2,
0,96,2019-06-05,11:00,half,"RM, HW",HW,1,90,3,5,6,105,2.6,T1Q3,0.607,2.337,T1Q3,
0,96,2019-06-05,11:00,half,"RM, HW",RM,2,0,1,15,10,370,0.1,T2Q1,3.103,5.441,T2Q1,
0,96,2019-06-05,11:00,half,"RM, HW",HW,2,0,2,3,2,244,0.9,T2Q2,1.417,7.864,T2Q2,
0,96,2019-06-05,11:00,half,"RM, HW",RM,2,0,3,1,9,142,2.5,T2Q3,1.205,3.683,T2Q3,
0,96,2019-06-05,11:00,half,"RM, HW",HW,3,180,1,7,13,317,0.1,T3Q1,1.938,5.697,T3Q1,
0,96,2019-06-05,11:00,half,"RM, HW",RM,3,180,2,14,8,311,0.8,T3Q2,2.28,9.882,T3Q2,
0,96,2019-06-05,11:00,half,"RM, HW",RM,3,180,3,12,16,182,2.3,T3Q3,1.249,6.026,T3Q3,
0,90Stop,2019-06-06,10:00,dd,"RM, RG",RM,1,90,1,7,18,352,1.1,T1Q1,1.59,3.439,T1Q1,
0,90Stop,2019-06-06,10:00,dd,"RM, RG",RG,1,90,2,6,2,331,3.9,T1Q2,0.814,5.484,T1Q2,
0,90Stop,2019-06-06,10:00,dd,"RM, RG",RG,1,90,3,1,10,140,5.5,T1Q3,0.512,5.563,T1Q3,
0,90Stop,2019-06-06,10:00,dd,"RM, RG",RM,2,0,1,8,12,213,0,T2Q1,0.542,4.279,T2Q1,
0,90Stop,2019-06-06,10:00,dd,"RM, RG",RM,2,0,2,3,9,235,1.9,T2Q2,0.544,5.267,T2Q2,
0,90Stop,2019-06-06,10:00,dd,"RM, RG",RG,2,0,3,15,5,158,3.5,T2Q3,1.123,4.672,T2Q3,
0,90Stop,2019-06-06,10:00,dd,"RM, RG",RM,3,180,1,13,14,321,0.7,T3Q1,0.601,5.101,T3Q1,
0,90Stop,2019-06-06,10:00,dd,"RM, RG",RM,3,180,2,16,17,394,2.2,T3Q2,1.105,13.867,T3Q2,
0,90Stop,2019-06-06,10:00,dd,"RM, RG",RG,3,180,3,11,4,213,3.8,T3Q3,0.685,4.087,T3Q3,
0,74Tall,2019-06-06,14:00,half,"RM, HW",RM,1,90,1,3,14,241,0,T1Q1,0.418,5.612,T1Q1,
0,74Tall,2019-06-06,14:00,half,"RM, HW",HW,1,90,2,2,13,163,0.6,T1Q2,0.486,3.981,T1Q2,
0,74Tall,2019-06-06,14:00,half,"RM, HW",RM,1,90,3,5,9,54,2.2,T1Q3,0.088,0.999,T1Q3,
0,74Tall,2019-06-06,14:00,half,"RM, HW",RM,2,0,1,18,12,279,0.2,T2Q1,0.594,0.878,T2Q1,
0,74Tall,2019-06-06,14:00,half,"RM, HW",HW,2,0,2,4,17,320,1,T2Q2,0.694,4.945,T2Q2,
0,74Tall,2019-06-06,14:00,half,"RM, HW",RM,2,0,3,1,11,99,2.5,T2Q3,0.308,2.669,T2Q3,
0,74Tall,2019-06-06,14:00,half,"RM, HW",HW,3,180,1,16,7,167,0.6,T3Q1,0.387,2.168,T3Q1,
0,74Tall,2019-06-06,14:00,half,"RM, HW",RM,3,180,2,6,10,229,1.3,T3Q2,0.642,4.589,T3Q2,
0,74Tall,2019-06-06,14:00,half,"RM, HW",HW,3,180,3,15,8,0,2.9,T3Q3,,,T3Q3,bag missing in freezer
0,85,2019-06-06,16:00,natural,"HW, RG",HW,1,90,1,2,13,302,0.1,T1Q1,0.5,2.695,T1Q1,
0,85,2019-06-06,16:00,natural,"HW, RG",RG,1,90,2,10,14,196,0.1,T1Q2,0.899,6.677,T1Q2,
0,85,2019-06-06,16:00,natural,"HW, RG",HW,1,90,3,5,6,84,2.2,T1Q3,0.174,1.853,T1Q3,
0,85,2019-06-06,16:00,natural,"HW, RG",RG,2,0,1,12,4,258,0.6,T2Q1,1.66,1.862,T2Q1,
0,85,2019-06-06,16:00,natural,"HW, RG",HW,2,0,2,3,9,292,1.9,T2Q2,0.42,8.385,T2Q2,
0,85,2019-06-06,16:00,natural,"HW, RG",RG,2,0,3,11,1,152,3.4,T2Q3,0.404,3.251,T2Q3,
0,85,2019-06-06,16:00,natural,"HW, RG",HW,3,180,1,7,17,301,0.1,T3Q1,0.684,9.198,T3Q1,
0,85,2019-06-06,16:00,natural,"HW, RG",RG,3,180,2,15,8,231,0.9,T3Q2,0.708,8.094,T3Q2,
0,85,2019-06-06,16:00,natural,"HW, RG",HW,3,180,3,18,16,105,2.4,T3Q3,0.206,1.246,T3Q3,
1,New2,2019-07-03,11:30,natural,"RM, HW",,1,60,1,18,16,166,0.1,NA,NA,NA,T1Q1,
1,New2,2019-07-03,11:30,natural,"RM, HW",,1,60,2,1,11,78,0.7,NA,NA,NA,T1Q2,
1,New2,2019-07-03,11:30,natural,"RM, HW",,1,60,3,13,8,24,2.2,NA,NA,NA,T1Q3,
1,New2,2019-07-03,11:30,natural,"RM, HW",,2,330,1,10,17,171,0,NA,NA,NA,T2Q1,
1,New2,2019-07-03,11:30,natural,"RM, HW",,2,330,2,2,3,163,4.1,NA,NA,NA,T2Q2,
1,New2,2019-07-03,11:30,natural,"RM, HW",,2,330,3,9,6,40,5.6,NA,NA,NA,T2Q3,
1,New2,2019-07-03,11:30,natural,"RM, HW",,3,150,1,14,15,117,0.9,NA,NA,NA,T3Q1,
1,New2,2019-07-03,11:30,natural,"RM, HW",,3,150,2,5,12,179,3.2,NA,NA,NA,T3Q2,
1,New2,2019-07-03,11:30,natural,"RM, HW",,3,150,3,4,7,107,4.7,NA,NA,NA,T3Q3,
1,Montreal,2019-07-03,10:00,zero,"RM, HW",,1,60,1,13,9,260,0.7,NA,NA,NA,T1Q1,
1,Montreal,2019-07-03,10:00,zero,"RM, HW",,1,60,2,12,4,165,1.3,NA,NA,NA,T1Q2,
1,Montreal,2019-07-03,10:00,zero,"RM, HW",,1,60,3,8,16,14,2.8,NA,NA,NA,T1Q3,
1,Montreal,2019-07-03,10:00,zero,"RM, HW",,2,330,1,2,3,208,1,NA,NA,NA,T2Q1,
1,Montreal,2019-07-03,10:00,zero,"RM, HW",,2,330,2,18,14,146,1.7,NA,NA,NA,M1,
1,Montreal,2019-07-03,10:00,zero,"RM, HW",,2,330,3,7,15,30,3.3,NA,NA,NA,T2Q3,
1,Montreal,2019-07-03,10:00,zero,"RM, HW",,3,150,1,1,5,209,0.6,NA,NA,NA,T3Q1,
1,Montreal,2019-07-03,10:00,zero,"RM, HW",,3,150,2,17,6,287,1.7,NA,NA,NA,T3Q2,
1,Montreal,2019-07-03,10:00,zero,"RM, HW",,3,150,3,10,11,61,3.2,NA,NA,NA,T3Q3,
1,94North,2019-07-03,13:00,ft,"RM, RG",,1,60,1,11,16,173,0.1,NA,NA,NA,T1Q1,
1,94North,2019-07-03,13:00,ft,"RM, RG",,1,60,2,10,17,239,0.8,NA,NA,NA,T1Q2,
1,94North,2019-07-03,13:00,ft,"RM, RG",,1,60,3,2,5,71,2.4,NA,NA,NA,T1Q3,
1,94North,2019-07-03,13:00,ft,"RM, RG",,2,330,1,7,3,161,0.1,NA,NA,NA,T2Q1,
1,94North,2019-07-03,13:00,ft,"RM, RG",,2,330,2,18,4,86,1.5,NA,NA,NA,T2Q2,
1,94North,2019-07-03,13:00,ft,"RM, RG",,2,330,3,12,9,47,3.2,NA,NA,NA,T2Q3,
1,94North,2019-07-03,13:00,ft,"RM, RG",,3,150,1,1,6,103,0,NA,NA,NA,T3Q1,
1,94North,2019-07-03,13:00,ft,"RM, RG",,3,150,2,13,14,265,1.5,NA,NA,NA,T3Q2,
1,94North,2019-07-03,13:00,ft,"RM, RG",,3,150,3,15,8,131,3.3,NA,NA,NA,T3Q3,
1,94Urchin,2019-07-03,14:30,dd,"HW, RG",,1,60,1,12,2,292,0.2,NA,NA,NA,T1Q1,
1,94Urchin,2019-07-03,14:30,dd,"HW, RG",,1,60,2,13,17,257,3.8,NA,NA,NA,T1Q2,
1,94Urchin,2019-07-03,14:30,dd,"HW, RG",,1,60,3,3,15,119,5.3,NA,NA,NA,T1Q3,
1,94Urchin,2019-07-03,14:30,dd,"HW, RG",,2,330,1,10,11,145,0,NA,NA,NA,T2Q1,
1,94Urchin,2019-07-03,14:30,dd,"HW, RG",,2,330,2,5,18,213,3.4,NA,NA,NA,T2Q2,
1,94Urchin,2019-07-03,14:30,dd,"HW, RG",,2,330,3,8,6,70,4.9,NA,NA,NA,T2Q3,
1,94Urchin,2019-07-03,14:30,dd,"HW, RG",,3,150,1,4,16,141,0,NA,NA,NA,T3Q1,
1,94Urchin,2019-07-03,14:30,dd,"HW, RG",,3,150,2,14,9,196,0.7,NA,NA,NA,T3Q2,
1,94Urchin,2019-07-03,14:30,dd,"HW, RG",,3,150,3,1,7,68,2.2,NA,NA,NA,T3Q3,
1,Cow,2019-07-04,12:00,dd,"RM, HW",RM,1,60,1,8,6,139,0.6,NA,NA,NA,T1Q1,
1,Cow,2019-07-04,12:00,dd,"RM, HW",HW,1,60,2,16,18,100,1.2,NA,NA,NA,T1Q2,
1,Cow,2019-07-04,12:00,dd,"RM, HW",HW,1,60,3,5,13,58,2.7,NA,NA,NA,T1Q3,
1,Cow,2019-07-04,12:00,dd,"RM, HW",RM,2,330,1,2,12,142,0,NA,NA,NA,T2Q1,
1,Cow,2019-07-04,12:00,dd,"RM, HW",HW,2,330,2,10,11,109,0.6,NA,NA,NA,T2Q2,
1,Cow,2019-07-04,12:00,dd,"RM, HW",HW,2,330,3,1,3,20,2.1,NA,NA,NA,T2Q3,
1,Cow,2019-07-04,12:00,dd,"RM, HW",RM,3,150,1,9,17,341,0,NA,NA,NA,T3Q1,
1,Cow,2019-07-04,12:00,dd,"RM, HW",HW,3,150,2,14,7,146,0.7,NA,NA,NA,T3Q2,
1,Cow,2019-07-04,12:00,dd,"RM, HW",HW,3,150,3,15,4,22,2.2,NA,NA,NA,T3Q3,
1,Damsel,2019-07-04,10:00,natural,"RM, HW",HW,1,60,1,10,5,262,0,NA,NA,NA,T1Q1,
1,Damsel,2019-07-04,10:00,natural,"RM, HW",RM,1,60,2,11,15,166,1.7,NA,NA,NA,T1Q2,
1,Damsel,2019-07-04,10:00,natural,"RM, HW",RM,1,60,3,4,7,61,3.3,NA,NA,NA,T1Q3,
1,Damsel,2019-07-04,10:00,natural,"RM, HW",RM,2,330,1,8,14,349,0,NA,NA,NA,T2Q1,
1,Damsel,2019-07-04,10:00,natural,"RM, HW",HW,2,330,2,16,1,166,1.2,NA,NA,NA,T2Q2,
1,Damsel,2019-07-04,10:00,natural,"RM, HW",HW,2,330,3,3,6,77,2.7,NA,NA,NA,T2Q3,
1,Damsel,2019-07-04,10:00,natural,"RM, HW",RM,3,150,1,13,2,273,0,NA,NA,NA,T3Q1,
1,Damsel,2019-07-04,10:00,natural,"RM, HW",HW,3,150,2,17,18,179,0.8,NA,NA,NA,T3Q2,
1,Damsel,2019-07-04,10:00,natural,"RM, HW",HW,3,150,3,12,9,105,2.3,NA,NA,NA,T3Q3,
1,E2,2019-07-04,13:00,zero,"RM, RG",RG,1,60,1,3,7,215,0,NA,NA,NA,T1Q1,
1,E2,2019-07-04,13:00,zero,"RM, RG",RM,1,60,2,15,2,266,3.3,NA,NA,NA,T1Q2,
1,E2,2019-07-04,13:00,zero,"RM, RG",RM,1,60,3,1,12,77,4.8,NA,NA,NA,T1Q3,
1,E2,2019-07-04,13:00,zero,"RM, RG",RM,2,330,1,16,14,336,0,NA,NA,NA,T2Q1,
1,E2,2019-07-04,13:00,zero,"RM, RG",RG,2,330,2,5,18,184,3.2,NA,NA,NA,T2Q2,
1,E2,2019-07-04,13:00,zero,"RM, RG",RG,2,330,3,9,17,67,4.7,NA,NA,NA,T2Q3,
1,E2,2019-07-04,13:00,zero,"RM, RG",RM,3,150,1,10,13,337,0,NA,NA,NA,T3Q1,
1,E2,2019-07-04,13:00,zero,"RM, RG",RG,3,150,2,4,6,139,5,NA,NA,NA,T3Q2,
1,E2,2019-07-04,13:00,zero,"RM, RG",RM,3,150,3,8,11,143,6.5,NA,NA,NA,T3Q3,
1,E1,2019-07-04,14:30,half,"HW, RG",RG,1,60,1,5,13,249,0,NA,NA,NA,T1Q1,
1,E1,2019-07-04,14:30,half,"HW, RG",HW,1,60,2,3,7,163,3.6,NA,NA,NA,T1Q2,
1,E1,2019-07-04,14:30,half,"HW, RG",HW,1,60,3,12,9,104,5.1,NA,NA,NA,T1Q3,
1,E1,2019-07-04,14:30,half,"HW, RG",RG,2,330,1,2,14,139,0,NA,NA,NA,T2Q1,
1,E1,2019-07-04,14:30,half,"HW, RG",HW,2,330,2,17,10,118,4,NA,NA,NA,T2Q2,
1,E1,2019-07-04,14:30,half,"HW, RG",HW,2,330,3,4,11,51,5.5,NA,NA,NA,T2Q3,
1,E1,2019-07-04,14:30,half,"HW, RG",RG,3,150,1,16,6,172,0,NA,NA,NA,T3Q1,
1,E1,2019-07-04,14:30,half,"HW, RG",HW,3,150,2,15,18,233,4.5,NA,NA,NA,T3Q2,
1,E1,2019-07-04,14:30,half,"HW, RG",HW,3,150,3,8,1,95,6,NA,NA,NA,T3Q3,
1,Cooda,2019-07-05,10:00,dd,"RM, HW",,1,60,1,1,8,335,0,NA,NA,NA,T1Q1,
1,Cooda,2019-07-05,10:00,dd,"RM, HW",,1,60,2,12,4,162,1.3,NA,NA,NA,T1Q2,
1,Cooda,2019-07-05,10:00,dd,"RM, HW",,1,60,3,18,5,82,2.8,NA,NA,NA,T1Q3,
1,Cooda,2019-07-05,10:00,dd,"RM, HW",,2,330,1,3,9,210,0.7,NA,NA,NA,T2Q1,
1,Cooda,2019-07-05,10:00,dd,"RM, HW",,2,330,2,10,2,111,1.2,NA,NA,NA,T2Q2,
1,Cooda,2019-07-05,10:00,dd,"RM, HW",,2,330,3,6,14,35,2.7,NA,NA,NA,T2Q3,
1,Cooda,2019-07-05,10:00,dd,"RM, HW",,3,150,1,7,11,229,0,NA,NA,NA,T3Q1,
1,Cooda,2019-07-05,10:00,dd,"RM, HW",,3,150,2,15,16,175,0.6,NA,NA,NA,T3Q2,
1,Cooda,2019-07-05,10:00,dd,"RM, HW",,3,150,3,13,17,30,2.1,NA,NA,NA,T3Q3,
1,IMC,2019-07-05,11:30,ft,"RM, HW",,1,60,1,8,14,304,0,NA,NA,NA,T1Q1,
1,IMC,2019-07-05,11:30,ft,"RM, HW",,1,60,2,13,4,198,1.7,NA,NA,NA,T1Q2,
1,IMC,2019-07-05,11:30,ft,"RM, HW",,1,60,3,5,9,53,3.3,NA,NA,NA,T1Q3,
1,IMC,2019-07-05,11:30,ft,"RM, HW",,2,330,1,17,6,359,0,NA,NA,NA,T2Q1,
1,IMC,2019-07-05,11:30,ft,"RM, HW",,2,330,2,2,12,179,2.5,NA,NA,NA,T2Q2,
1,IMC,2019-07-05,11:30,ft,"RM, HW",,2,330,3,10,16,63,4,NA,NA,NA,T2Q3,
1,IMC,2019-07-05,11:30,ft,"RM, HW",,3,150,1,15,11,312,2,NA,NA,NA,T3Q1,
1,IMC,2019-07-05,11:30,ft,"RM, HW",,3,150,2,7,1,86,3.5,NA,NA,NA,T3Q2,
1,IMC,2019-07-05,11:30,ft,"RM, HW",,3,150,3,18,3,91,5.7,NA,NA,NA,T3Q3,
1,Check5,2019-07-07,12:00,half,"HW, RG",RG,1,60,1,3,11,137,0,NA,NA,NA,T1Q1,
1,Check5,2019-07-07,12:00,half,"HW, RG",HW,1,60,2,2,5,212,1.4,NA,NA,NA,T1Q2,
1,Check5,2019-07-07,12:00,half,"HW, RG",HW,1,60,3,14,6,111,2.9,NA,NA,NA,T1Q3,
1,Check5,2019-07-07,12:00,half,"HW, RG",RG,2,330,1,16,17,145,0,NA,NA,NA,T2Q1,
1,Check5,2019-07-07,12:00,half,"HW, RG",HW,2,330,2,4,15,316,1.2,NA,NA,NA,T2Q2,
1,Check5,2019-07-07,12:00,half,"HW, RG",RG,2,330,3,7,1,124,2.7,NA,NA,NA,T2Q3,
1,Check5,2019-07-07,12:00,half,"HW, RG",HW,3,150,1,9,13,178,0.1,NA,NA,NA,T3Q1,
1,Check5,2019-07-07,12:00,half,"HW, RG",RG,3,150,2,10,12,204,1.9,NA,NA,NA,T3Q2,
1,Check5,2019-07-07,12:00,half,"HW, RG",HW,3,150,3,8,18,115,3.4,NA,NA,NA,T3Q3,
1,CT15,2019-07-07,13:30,zero,"RM, RG",RG,1,60,1,4,11,136,0,NA,NA,NA,T1Q1,
1,CT15,2019-07-07,13:30,zero,"RM, RG",RM,1,60,2,1,9,245,1.4,NA,NA,NA,T1Q2,
1,CT15,2019-07-07,13:30,zero,"RM, RG",RG,1,60,3,10,5,71,3,NA,NA,NA,T1Q3,
1,CT15,2019-07-07,13:30,zero,"RM, RG",RM,2,330,1,7,14,247,0.2,NA,NA,NA,T2Q1,
1,CT15,2019-07-07,13:30,zero,"RM, RG",RG,2,330,2,6,12,136,2,NA,NA,NA,T2Q2,
1,CT15,2019-07-07,13:30,zero,"RM, RG",RG,2,330,3,18,13,52,3,NA,NA,NA,T2Q3,
1,CT15,2019-07-07,13:30,zero,"RM, RG",RM,3,150,1,17,2,217,0.1,NA,NA,NA,T3Q1,
1,CT15,2019-07-07,13:30,zero,"RM, RG",RG,3,150,2,8,16,99,2.2,NA,NA,NA,T3Q2,
1,CT15,2019-07-07,13:30,zero,"RM, RG",RM,3,150,3,3,15,117,2.8,NA,NA,NA,T3Q3,
1,FFA,2019-07-07,10:00,zero,"RM, HW",RM,1,60,1,13,14,310,0,NA,NA,NA,T1Q1,
1,FFA,2019-07-07,10:00,zero,"RM, HW",HW,1,60,2,16,7,307,1.2,NA,NA,NA,T1Q2,
1,FFA,2019-07-07,10:00,zero,"RM, HW",HW,1,60,3,4,5,42,2.7,NA,NA,NA,T1Q3,
1,FFA,2019-07-07,10:00,zero,"RM, HW",RM,2,330,1,10,2,221,0,NA,NA,NA,T2Q1,
1,FFA,2019-07-07,10:00,zero,"RM, HW",HW,2,330,2,1,12,275,1.7,NA,NA,NA,T2Q2,
1,FFA,2019-07-07,10:00,zero,"RM, HW",RM,2,330,3,8,11,88,3.2,NA,NA,NA,T2Q3,
1,FFA,2019-07-07,10:00,zero,"RM, HW",HW,3,150,1,18,3,185,0.3,NA,NA,NA,T3Q1,
1,FFA,2019-07-07,10:00,zero,"RM, HW",RM,3,150,2,9,6,215,1,NA,NA,NA,T3Q2,
1,FFA,2019-07-07,10:00,zero,"RM, HW",HW,3,150,3,17,15,56,2.5,NA,NA,NA,T3Q3,
1,Vancouver,2019-07-07,3:30,half,"RM, HW, RG",RG,1,60,1,11,6,175,0.2,NA,NA,NA,T1Q1,
1,Vancouver,2019-07-07,3:30,half,"RM, HW, RG",HW,1,60,2,14,18,199,2.4,NA,NA,NA,T1Q2,
1,Vancouver,2019-07-07,3:30,half,"RM, HW, RG",RM,1,60,3,7,13,36,3.9,NA,NA,NA,T1Q3,
1,Vancouver,2019-07-07,3:30,half,"RM, HW, RG",HW,2,330,1,12,2,167,0.1,NA,NA,NA,T2Q1,
1,Vancouver,2019-07-07,3:30,half,"RM, HW, RG",RM,2,330,2,16,3,146,2.6,NA,NA,NA,T2Q2,
1,Vancouver,2019-07-07,3:30,half,"RM, HW, RG",RG,2,330,3,9,10,23,4.1,NA,NA,NA,T2Q3,
1,Vancouver,2019-07-07,3:30,half,"RM, HW, RG",RM,3,150,1,17,5,216,0.1,NA,NA,NA,T3Q1,
1,Vancouver,2019-07-07,3:30,half,"RM, HW, RG",HW,3,150,2,15,8,248,3.1,NA,NA,NA,T3Q2,
1,Vancouver,2019-07-07,3:30,half,"RM, HW, RG",RG,3,150,3,4,1,19,4.6,NA,NA,NA,T3Q3,
1,78S,2019-07-07,11:00,natural,"HW, RM",RM,1,60,1,10,8,221,0,NA,NA,NA,T1Q1,
1,78S,2019-07-07,11:00,natural,"HW, RM",HW,1,60,2,4,18,148,1.5,NA,NA,NA,T1Q2,
1,78S,2019-07-07,11:00,natural,"HW, RM",HW,1,60,3,16,17,59,2.8,NA,NA,NA,T1Q3,
1,78S,2019-07-07,11:00,natural,"HW, RM",RM,2,330,1,7,9,265,0,NA,NA,NA,T2Q1,
1,78S,2019-07-07,11:00,natural,"HW, RM",HW,2,330,2,12,14,180,0.9,NA,NA,NA,T2Q2,
1,78S,2019-07-07,11:00,natural,"HW, RM",HW,2,330,3,3,2,85,2.4,NA,NA,NA,T2Q3,
1,78S,2019-07-07,11:00,natural,"HW, RM",RM,3,150,1,13,15,186,0.4,NA,NA,NA,T3Q1,
1,78S,2019-07-07,11:00,natural,"HW, RM",HW,3,150,2,5,6,124,2.1,NA,NA,NA,T3Q2,
1,78S,2019-07-07,11:00,natural,"HW, RM",RM,3,150,3,1,11,31,3.6,NA,NA,NA,T3Q3,
1,71,2019-07-08,13:30,ft,"RM, RG",RG,1,60,1,3,8,224,0,NA,NA,NA,T1Q1,
1,71,2019-07-08,13:30,ft,"RM, RG",RM,1,60,2,1,15,279,8.1,NA,NA,NA,T1Q2,
1,71,2019-07-08,13:30,ft,"RM, RG",RG,1,60,3,16,13,151,9.1,NA,NA,NA,T1Q3,
1,71,2019-07-08,13:30,ft,"RM, RG",RM,2,330,1,10,11,453,0.5,NA,NA,NA,T2Q1,
1,71,2019-07-08,13:30,ft,"RM, RG",RG,2,330,2,5,2,166,3.8,NA,NA,NA,T2Q2,
1,71,2019-07-08,13:30,ft,"RM, RG",RG,2,330,3,18,4,142,5.3,NA,NA,NA,T2Q3,
1,71,2019-07-08,13:30,ft,"RM, RG",RM,3,150,1,17,14,299,0.1,NA,NA,NA,T3Q1,
1,71,2019-07-08,13:30,ft,"RM, RG",RG,3,150,2,6,7,156,6.1,NA,NA,NA,T3Q2,
1,71,2019-07-08,13:30,ft,"RM, RG",RM,3,150,3,12,9,82,7.6,NA,NA,NA,T3Q3,
1,Check3,2019-07-08,14:30,zero,"HW, RG",RG,1,60,1,17,1,197,0.2,NA,NA,NA,T1Q1,
1,Check3,2019-07-08,14:30,zero,"HW, RG",HW,1,60,2,5,9,188,1.3,NA,NA,NA,T1Q2,
1,Check3,2019-07-08,14:30,zero,"HW, RG",HW,1,60,3,2,6,74,2.8,NA,NA,NA,T1Q3,
1,Check3,2019-07-08,14:30,zero,"HW, RG",RG,2,330,1,16,8,223,0.1,NA,NA,NA,T2Q1,
1,Check3,2019-07-08,14:30,zero,"HW, RG",HW,2,330,2,12,15,194,1.3,NA,NA,NA,T2Q2,
1,Check3,2019-07-08,14:30,zero,"HW, RG",HW,2,330,3,11,18,84,2.8,NA,NA,NA,T2Q3,
1,Check3,2019-07-08,14:30,zero,"HW, RG",RG,3,150,1,3,4,286,0.1,NA,NA,NA,T3Q1,
1,Check3,2019-07-08,14:30,zero,"HW, RG",HW,3,150,2,13,14,238,0.7,NA,NA,NA,T3Q2,
1,Check3,2019-07-08,14:30,zero,"HW, RG",HW,3,150,3,10,7,25,2.2,NA,NA,NA,T3Q3,
1,Calgary,2019-07-08,10:00,ft,"HW, RM",RM,1,60,1,2,13,232,0.6,NA,NA,NA,T1Q1,
1,Calgary,2019-07-08,10:00,ft,"HW, RM",HW,1,60,2,15,17,169,1.2,NA,NA,NA,T1Q2,
1,Calgary,2019-07-08,10:00,ft,"HW, RM",HW,1,60,3,18,11,65,2.7,NA,NA,NA,T1Q3,
1,Calgary,2019-07-08,10:00,ft,"HW, RM",RM,2,330,1,9,16,132,0,NA,NA,NA,T2Q1,
1,Calgary,2019-07-08,10:00,ft,"HW, RM",HW,2,330,2,3,14,195,1.3,NA,NA,NA,T2Q2,
1,Calgary,2019-07-08,10:00,ft,"HW, RM",RM,2,330,3,1,10,37,2.8,NA,NA,NA,T2Q3,
1,Calgary,2019-07-08,10:00,ft,"HW, RM",RM,3,150,1,5,6,197,0.2,NA,NA,NA,T3Q1,
1,Calgary,2019-07-08,10:00,ft,"HW, RM",HW,3,150,2,4,8,179,2.8,NA,NA,NA,T3Q2,
1,Calgary,2019-07-08,10:00,ft,"HW, RM",RM,3,150,3,7,12,72,4.4,NA,NA,NA,T3Q3,
1,119,2019-07-08,11:30,natural,"RM, RG",RM,1,60,1,1,17,384,0.1,NA,NA,NA,T1Q1,
1,119,2019-07-08,11:30,natural,"RM, RG",RG,1,60,2,9,12,102,2.9,NA,NA,NA,T1Q2,
1,119,2019-07-08,11:30,natural,"RM, RG",RG,1,60,3,15,8,43,4.4,NA,NA,NA,T1Q3,
1,119,2019-07-08,11:30,natural,"RM, RG",RM,2,330,1,4,6,218,0.1,NA,NA,NA,T2Q1,
1,119,2019-07-08,11:30,natural,"RM, RG",RG,2,330,2,14,18,191,1.7,NA,NA,NA,T2Q2,
1,119,2019-07-08,11:30,natural,"RM, RG",RG,2,330,3,2,16,146,3.2,NA,NA,NA,T2Q3,
1,119,2019-07-08,11:30,natural,"RM, RG",RM,3,150,1,3,13,308,0,NA,NA,NA,T3Q1,
1,119,2019-07-08,11:30,natural,"RM, RG",RG,3,150,2,7,11,185,3.6,NA,NA,NA,T3Q2,
1,119,2019-07-08,11:30,natural,"RM, RG",RM,3,150,3,10,5,124,5.1,NA,NA,NA,T3Q3,
1,Josh,2019-07-09,13:00,half,"HW, RG",RG,1,60,1,1,11,216,0,NA,NA,NA,T1Q1,
1,Josh,2019-07-09,13:00,half,"HW, RG",HW,1,60,2,3,12,238,2.2,NA,NA,NA,T1Q2,
1,Josh,2019-07-09,13:00,half,"HW, RG",HW,1,60,3,7,2,123,3.7,NA,NA,NA,T1Q3,
1,Josh,2019-07-09,13:00,half,"HW, RG",RG,2,330,1,15,4,175,0,NA,NA,NA,T2Q1,
1,Josh,2019-07-09,13:00,half,"HW, RG",HW,2,330,2,14,5,343,1.2,NA,NA,NA,T2Q2,
1,Josh,2019-07-09,13:00,half,"HW, RG",RG,2,330,3,8,9,106,2.7,NA,NA,NA,T2Q3,
1,Josh,2019-07-09,13:00,half,"HW, RG",HW,3,150,1,18,13,150,0.2,NA,NA,NA,T3Q1,
1,Josh,2019-07-09,13:00,half,"HW, RG",RG,3,150,2,17,10,207,3,NA,NA,NA,T3Q2,
1,Josh,2019-07-09,13:00,half,"HW, RG",HW,3,150,3,16,6,128,4.5,NA,NA,NA,T3Q3,
1,Check1,2019-07-09,14:30,dd,"RM, RG",RM,1,60,1,10,2,328,0,NA,NA,NA,T1Q1,
1,Check1,2019-07-09,14:30,dd,"RM, RG",RG,1,60,2,12,18,178,2.1,NA,NA,NA,T1Q2,
1,Check1,2019-07-09,14:30,dd,"RM, RG",RG,1,60,3,15,17,82,3.6,NA,NA,NA,T1Q3,
1,Check1,2019-07-09,14:30,dd,"RM, RG",RM,2,330,1,16,4,290,0.2,NA,NA,NA,T2Q1,
1,Check1,2019-07-09,14:30,dd,"RM, RG",RG,2,330,2,3,13,174,2.2,NA,NA,NA,T2Q2,
1,Check1,2019-07-09,14:30,dd,"RM, RG",RM,2,330,3,5,14,110,3.8,NA,NA,NA,T2Q3,
1,Check1,2019-07-09,14:30,dd,"RM, RG",RM,3,150,1,1,7,350,0.2,NA,NA,NA,T3Q1,
1,Check1,2019-07-09,14:30,dd,"RM, RG",RG,3,150,2,6,11,196,1.7,NA,NA,NA,T3Q2,
1,Check1,2019-07-09,14:30,dd,"RM, RG",RG,3,150,3,9,8,108,3.2,NA,NA,NA,T3Q3,
1,NF17,2019-07-09,10:00,ft,"RM, HW",RM,1,60,1,9,6,248,0,NA,NA,NA,T1Q1,
1,NF17,2019-07-09,10:00,ft,"RM, HW",HW,1,60,2,13,2,146,3.2,NA,NA,NA,T1Q2,
1,NF17,2019-07-09,10:00,ft,"RM, HW",HW,1,60,3,8,1,67,4.7,NA,NA,NA,T1Q3,
1,NF17,2019-07-09,10:00,ft,"RM, HW",RM,2,330,1,18,4,248,0,NA,NA,NA,T2Q1,
1,NF17,2019-07-09,10:00,ft,"RM, HW",HW,2,330,2,5,3,225,2.1,NA,NA,NA,T2Q2,
1,NF17,2019-07-09,10:00,ft,"RM, HW",RM,2,330,3,10,14,140,3.6,NA,NA,NA,T2Q3,
1,NF17,2019-07-09,10:00,ft,"RM, HW",HW,3,150,1,16,17,262,0,NA,NA,NA,T3Q1,
1,NF17,2019-07-09,10:00,ft,"RM, HW",RM,3,150,2,12,15,181,3.3,NA,NA,NA,T3Q2,
1,NF17,2019-07-09,10:00,ft,"RM, HW",RM,3,150,3,7,11,98,5,NA,NA,NA,T3Q3,
1,57,2019-07-09,11:00,dd,"RM, RG",RM,1,60,1,3,14,306,0,NA,NA,NA,T1Q1,
1,57,2019-07-09,11:00,dd,"RM, RG",RG,1,60,2,6,2,216,1.9,NA,NA,NA,T1Q2,
1,57,2019-07-09,11:00,dd,"RM, RG",RG,1,60,3,18,10,96,3.4,NA,NA,NA,T1Q3,
1,57,2019-07-09,11:00,dd,"RM, RG",RM,2,330,1,7,5,342,0.3,NA,NA,NA,T2Q1,
1,57,2019-07-09,11:00,dd,"RM, RG",RG,2,330,2,12,11,252,2.2,NA,NA,NA,T2Q2,
1,57,2019-07-09,11:00,dd,"RM, RG",RM,2,330,3,15,13,212,3.7,NA,NA,NA,T2Q3,
1,57,2019-07-09,11:00,dd,"RM, RG",RM,3,150,1,1,8,348,0,NA,NA,NA,T3Q1,
1,57,2019-07-09,11:00,dd,"RM, RG",RG,3,150,2,16,17,207,1.4,NA,NA,NA,T3Q2,
1,57,2019-07-09,11:00,dd,"RM, RG",RG,3,150,3,9,14,24,3.7,NA,NA,NA,T3Q3,
1,Biscuit,2019-07-10,10:00,zero,"HW, RM",RM,1,60,1,7,13,290,0.1,NA,NA,NA,T1Q1,
1,Biscuit,2019-07-10,10:00,zero,"HW, RM",HW,1,60,2,1,9,124,0.7,NA,NA,NA,T1Q2,
1,Biscuit,2019-07-10,10:00,zero,"HW, RM",HW,1,60,3,2,17,40,2.2,NA,NA,NA,T1Q3,
1,Biscuit,2019-07-10,10:00,zero,"HW, RM",RM,2,330,1,15,10,278,0.1,NA,NA,NA,T2Q1,
1,Biscuit,2019-07-10,10:00,zero,"HW, RM",HW,2,330,2,11,3,98,0.7,NA,NA,NA,T2Q2,
1,Biscuit,2019-07-10,10:00,zero,"HW, RM",HW,2,330,3,12,14,20,2.2,NA,NA,NA,T2Q3,
1,Biscuit,2019-07-10,10:00,zero,"HW, RM",RM,3,150,1,5,4,373,0.4,NA,NA,NA,T3Q1,
1,Biscuit,2019-07-10,10:00,zero,"HW, RM",HW,3,150,2,8,16,274,3.9,NA,NA,NA,T3Q2,
1,Biscuit,2019-07-10,10:00,zero,"HW, RM",RM,3,150,3,6,18,15,5.4,NA,NA,NA,T3Q3,
1,76S,2019-07-10,11:30,natural,"RM, RG",RM,1,60,1,12,1,322,0.1,NA,NA,NA,T1Q1,
1,76S,2019-07-10,11:30,natural,"RM, RG",RG,1,60,2,17,2,182,1.5,NA,NA,NA,T1Q2,
1,76S,2019-07-10,11:30,natural,"RM, RG",RG,1,60,3,10,16,101,3,NA,NA,NA,T1Q3,
1,76S,2019-07-10,11:30,natural,"RM, RG",RM,2,330,1,3,18,255,0.1,NA,NA,NA,T2Q1,
1,76S,2019-07-10,11:30,natural,"RM, RG",RG,2,330,2,13,7,122,1.5,NA,NA,NA,T2Q2,
1,76S,2019-07-10,11:30,natural,"RM, RG",RM,2,330,3,11,6,141,3,NA,NA,NA,T2Q3,
1,76S,2019-07-10,11:30,natural,"RM, RG",RM,3,150,1,9,8,395,0.5,NA,NA,NA,T3Q1,
1,76S,2019-07-10,11:30,natural,"RM, RG",RG,3,150,2,15,5,149,2,NA,NA,NA,T3Q2,
1,76S,2019-07-10,11:30,natural,"RM, RG",RG,3,150,3,4,14,151,3.4,NA,NA,NA,T3Q3,
1,Angel2,2019-07-10,13:00,ft,"HW, RG",RG,1,60,1,7,16,154,0,NA,NA,NA,T1Q1,
1,Angel2,2019-07-10,13:00,ft,"HW, RG",HW,1,60,2,13,4,149,0.8,NA,NA,NA,T1Q2,
1,Angel2,2019-07-10,13:00,ft,"HW, RG",HW,1,60,3,18,1,71,2.3,NA,NA,NA,T1Q3,
1,Angel2,2019-07-10,13:00,ft,"HW, RG",RG,2,330,1,2,3,188,0.2,NA,NA,NA,T2Q1,
1,Angel2,2019-07-10,13:00,ft,"HW, RG",HW,2,330,2,11,9,144,1.2,NA,NA,NA,T2Q2,
1,Angel2,2019-07-10,13:00,ft,"HW, RG",HW,2,330,3,12,8,50,2.7,NA,NA,NA,T2Q3,
1,Angel2,2019-07-10,13:00,ft,"HW, RG",RG,3,150,1,5,14,185,0.1,NA,NA,NA,T3Q1,
1,Angel2,2019-07-10,13:00,ft,"HW, RG",HW,3,150,2,10,17,202,0.8,NA,NA,NA,T3Q2,
1,Angel2,2019-07-10,13:00,ft,"HW, RG",HW,3,150,3,6,15,61,2.3,NA,NA,NA,T3Q3,
1,LS02,2019-07-11,10:00,natural,"RM, HW",RM,1,60,1,18,1,415,0.25,NA,NA,NA,T1Q1,
1,LS02,2019-07-11,10:00,natural,"RM, HW",HW,1,60,2,4,13,309,1.1,NA,NA,NA,T1Q2,
1,LS02,2019-07-11,10:00,natural,"RM, HW",HW,1,60,3,15,16,74,2.6,NA,NA,NA,T1Q3,
1,LS02,2019-07-11,10:00,natural,"RM, HW",RM,2,330,1,5,10,342,0.1,NA,NA,NA,T2Q1,
1,LS02,2019-07-11,10:00,natural,"RM, HW",HW,2,330,2,8,12,273,1.4,NA,NA,NA,T2Q2,
1,LS02,2019-07-11,10:00,natural,"RM, HW",HW,2,330,3,9,11,34,2.9,NA,NA,NA,T2Q3,
1,LS02,2019-07-11,10:00,natural,"RM, HW",RM,3,150,1,2,6,424,0.1,NA,NA,NA,T3Q1,
1,LS02,2019-07-11,10:00,natural,"RM, HW",HW,3,150,2,7,3,316,1.5,NA,NA,NA,T3Q2,
1,LS02,2019-07-11,10:00,natural,"RM, HW",RM,3,150,3,14,17,55,3,NA,NA,NA,T3Q3,
1,NF15,2019-07-11,12:00,dd,"RM, RG",RM,1,60,1,5,17,150,0.1,NA,NA,NA,T1Q1,
1,NF15,2019-07-11,12:00,dd,"RM, RG",RG,1,60,2,9,7,197,4,NA,NA,NA,T1Q2,
1,NF15,2019-07-11,12:00,dd,"RM, RG",RM,1,60,3,6,16,214,5.5,NA,NA,NA,T1Q3,
1,NF15,2019-07-11,12:00,dd,"RM, RG",RM,2,330,1,15,14,242,0.1,NA,NA,NA,T2Q1,
1,NF15,2019-07-11,12:00,dd,"RM, RG",RG,2,330,2,1,18,225,2,NA,NA,NA,T2Q2,
1,NF15,2019-07-11,12:00,dd,"RM, RG",RG,2,330,3,4,10,176,3.6,NA,NA,NA,T2Q3,
1,NF15,2019-07-11,12:00,dd,"RM, RG",RM,3,150,1,11,8,273,0.1,NA,NA,NA,T3Q1,
1,NF15,2019-07-11,12:00,dd,"RM, RG",RG,3,150,2,13,2,225,5.8,NA,NA,NA,T3Q2,
1,NF15,2019-07-11,12:00,dd,"RM, RG",RM,3,150,3,3,12,195,7.4,NA,NA,NA,T3Q3,
1,F5Small,2019-07-11,2:00,zero,"HW, RG",RG,1,60,1,1,12,158,0.2,NA,NA,NA,T1Q1,
1,F5Small,2019-07-11,2:00,zero,"HW, RG",HW,1,60,2,18,6,206,0.7,NA,NA,NA,T1Q2,
1,F5Small,2019-07-11,2:00,zero,"HW, RG",HW,1,60,3,8,17,128,2.2,NA,NA,NA,T1Q3,
1,F5Small,2019-07-11,2:00,zero,"HW, RG",RG,2,330,1,16,2,143,0,NA,NA,NA,T2Q1,
1,F5Small,2019-07-11,2:00,zero,"HW, RG",HW,2,330,2,11,3,133,0.7,NA,NA,NA,T2Q2,
1,F5Small,2019-07-11,2:00,zero,"HW, RG",HW,2,330,3,15,14,86,2.2,NA,NA,NA,T2Q3,
1,F5Small,2019-07-11,2:00,zero,"HW, RG",RG,3,150,1,5,10,174,0,NA,NA,NA,T3Q1,
1,F5Small,2019-07-11,2:00,zero,"HW, RG",HW,3,150,2,4,7,170,0.6,NA,NA,NA,T3Q2,
1,F5Small,2019-07-11,2:00,zero,"HW, RG",HW,3,150,3,9,13,95,2.1,NA,NA,NA,T3Q3,
1,Lakeisha,2019-07-12,10:00,ft,"HW, RM, RG",RM,1,60,1,1,2,167,0,NA,NA,NA,T1Q1,
1,Lakeisha,2019-07-12,10:00,ft,"HW, RM, RG",RG,1,60,2,18,3,153,1.6,NA,NA,NA,T1Q2,
1,Lakeisha,2019-07-12,10:00,ft,"HW, RM, RG",HW,1,60,3,7,15,77,3.1,NA,NA,NA,T1Q3,
1,Lakeisha,2019-07-12,10:00,ft,"HW, RM, RG",RM,2,330,1,6,8,260,0,NA,NA,NA,T2Q1,
1,Lakeisha,2019-07-12,10:00,ft,"HW, RM, RG",RG,2,330,2,10,13,120,1.5,NA,NA,NA,T2Q2,
1,Lakeisha,2019-07-12,10:00,ft,"HW, RM, RG",HW,2,330,3,4,17,72,3,NA,NA,NA,T2Q3,
1,Lakeisha,2019-07-12,10:00,ft,"HW, RM, RG",RM,3,150,1,9,5,208,0.1,NA,NA,NA,T3Q1,
1,Lakeisha,2019-07-12,10:00,ft,"HW, RM, RG",RG,3,150,2,11,16,157,1,NA,NA,NA,T3Q2,
1,Lakeisha,2019-07-12,10:00,ft,"HW, RM, RG",HW,3,150,3,14,12,85,2.5,NA,NA,NA,T3Q3,
1,96,2019-07-12,11:00,half,"HW, RM, RG",RM,1,60,1,6,4,325,0,NA,NA,NA,T1Q1,
1,96,2019-07-12,11:00,half,"HW, RM, RG",HW,1,60,2,2,8,237,1.1,NA,NA,NA,T1Q2,
1,96,2019-07-12,11:00,half,"HW, RM, RG",RG,1,60,3,16,14,119,2.6,NA,NA,NA,T1Q3,
1,96,2019-07-12,11:00,half,"HW, RM, RG",HW,2,330,1,13,18,314,0.1,NA,NA,NA,T2Q1,
1,96,2019-07-12,11:00,half,"HW, RM, RG",RM,2,330,2,12,5,338,1,NA,NA,NA,T2Q2,
1,96,2019-07-12,11:00,half,"HW, RM, RG",RG,2,330,3,15,1,124,2.6,NA,NA,NA,T2Q3,
1,96,2019-07-12,11:00,half,"HW, RM, RG",RM,3,150,1,9,10,362,0.5,NA,NA,NA,T3Q1,
1,96,2019-07-12,11:00,half,"HW, RM, RG",RG,3,150,2,17,11,283,1.4,NA,NA,NA,T3Q2,
1,96,2019-07-12,11:00,half,"HW, RM, RG",HW,3,150,3,7,3,143,2.9,NA,NA,NA,T3Q3,
1,90Stop,2019-07-12,12:00,dd,"RM, RG",RM,1,60,1,10,13,320,0,NA,NA,NA,T1Q1,
1,90Stop,2019-07-12,12:00,dd,"RM, RG",RG,1,60,2,17,14,243,1.8,NA,NA,NA,T1Q2,
1,90Stop,2019-07-12,12:00,dd,"RM, RG",RG,1,60,3,15,8,223,3.3,NA,NA,NA,T1Q3,
1,90Stop,2019-07-12,12:00,dd,"RM, RG",RM,2,330,1,1,3,266,0,NA,NA,NA,T2Q1,
1,90Stop,2019-07-12,12:00,dd,"RM, RG",RG,2,330,2,5,11,182,2.7,NA,NA,NA,T2Q2,
1,90Stop,2019-07-12,12:00,dd,"RM, RG",RM,2,330,3,6,7,240,4.2,NA,NA,NA,T2Q3,
1,90Stop,2019-07-12,12:00,dd,"RM, RG",RM,3,150,1,2,12,320,0.3,NA,NA,NA,T3Q1,
1,90Stop,2019-07-12,12:00,dd,"RM, RG",RG,3,150,2,4,16,267,1.4,NA,NA,NA,T3Q2,
1,90Stop,2019-07-12,12:00,dd,"RM, RG",RM,3,150,3,9,18,265,3,NA,NA,NA,T3Q3,
1,Shit'sCreek,2019-07-12,14:00,half,"HW, RM, RG",RM,1,60,1,6,14,233,0.1,NA,NA,NA,T1Q1,
1,Shit'sCreek,2019-07-12,14:00,half,"HW, RM, RG",RG,1,60,2,15,17,204,2.2,NA,NA,NA,T1Q2,
1,Shit'sCreek,2019-07-12,14:00,half,"HW, RM, RG",HW,1,60,3,12,10,182,3.7,NA,NA,NA,T1Q3,
1,Shit'sCreek,2019-07-12,14:00,half,"HW, RM, RG",RM,2,330,1,3,9,257,0,NA,NA,NA,T2Q1,
1,Shit'sCreek,2019-07-12,14:00,half,"HW, RM, RG",HW,2,330,2,2,1,267,1.2,NA,NA,NA,T2Q2,
1,Shit'sCreek,2019-07-12,14:00,half,"HW, RM, RG",RG,2,330,3,5,8,137,2.7,NA,NA,NA,T2Q3,
1,Shit'sCreek,2019-07-12,14:00,half,"HW, RM, RG",RM,3,150,1,11,13,364,0.1,NA,NA,NA,T3Q1,
1,Shit'sCreek,2019-07-12,14:00,half,"HW, RM, RG",RG,3,150,2,7,4,281,1.2,NA,NA,NA,T3Q2,
1,Shit'sCreek,2019-07-12,14:00,half,"HW, RM, RG",HW,3,150,3,18,16,161,2.7,NA,NA,NA,T3Q3,
1,85,2019-07-13,10:00,natural,"HW, RM, RG",,1,60,1,4,11,276,0,NA,NA,NA,T1Q1,
1,85,2019-07-13,10:00,natural,"HW, RM, RG",,1,60,2,13,9,184,1.3,NA,NA,NA,T1Q2,
1,85,2019-07-13,10:00,natural,"HW, RM, RG",,1,60,3,16,12,82,2.8,NA,NA,NA,T1Q3,
1,85,2019-07-13,10:00,natural,"HW, RM, RG",,2,330,1,6,8,318,0.1,NA,NA,NA,T2Q1,
1,85,2019-07-13,10:00,natural,"HW, RM, RG",,2,330,2,10,5,285,1.5,NA,NA,NA,T2Q2,
1,85,2019-07-13,10:00,natural,"HW, RM, RG",,2,330,3,17,18,234,3,NA,NA,NA,T2Q3,
1,85,2019-07-13,10:00,natural,"HW, RM, RG",,3,150,1,7,2,380,0.1,NA,NA,NA,T3Q1,
1,85,2019-07-13,10:00,natural,"HW, RM, RG",,3,150,2,15,3,241,1.2,NA,NA,NA,T3Q2,
1,85,2019-07-13,10:00,natural,"HW, RM, RG",,3,150,3,14,1,122,2.7,NA,NA,NA,T3Q3,
1,74Tall,2019-07-13,11:00,half,"HW, RM, RG",,1,60,1,2,4,224,0.1,NA,NA,NA,T1Q1,
1,74Tall,2019-07-13,11:00,half,"HW, RM, RG",,1,60,2,1,11,213,1.5,NA,NA,NA,T1Q2,
1,74Tall,2019-07-13,11:00,half,"HW, RM, RG",,1,60,3,10,13,56,3,NA,NA,NA,T1Q3,
1,74Tall,2019-07-13,11:00,half,"HW, RM, RG",,2,330,1,8,14,172,0.1,NA,NA,NA,T2Q1,
1,74Tall,2019-07-13,11:00,half,"HW, RM, RG",,2,330,2,5,12,168,0.6,NA,NA,NA,T2Q2,
1,74Tall,2019-07-13,11:00,half,"HW, RM, RG",,2,330,3,6,3,85,2.1,NA,NA,NA,T2Q3,
1,74Tall,2019-07-13,11:00,half,"HW, RM, RG",,3,150,1,18,1,237,0,NA,NA,NA,T3Q1,
1,74Tall,2019-07-13,11:00,half,"HW, RM, RG",,3,150,2,9,15,210,0.6,NA,NA,NA,T3Q2,
1,74Tall,2019-07-13,11:00,half,"HW, RM, RG",,3,150,3,7,17,36,2,NA,NA,NA,T3Q3,
2,New2,2019-08-04,10:00,natural,"RM, HW, RG",RM,1,120,1,8,7,83,0.1,NA,NA,NA,T1Q1,
2,New2,2019-08-04,10:00,natural,"RM, HW, RG",RG,1,120,2,10,12,85,1.7,NA,NA,NA,T1Q2,
2,New2,2019-08-04,10:00,natural,"RM, HW, RG",HW,1,120,3,6,13,60,3.2,NA,NA,NA,T1Q3,
2,New2,2019-08-04,10:00,natural,"RM, HW, RG",RM,2,30,1,15,12,184,0,T2Q1,0.282,2.401,T2Q1,
2,New2,2019-08-04,10:00,natural,"RM, HW, RG",RG,2,30,2,5,9,83,1.6,T2Q2,0.408,2.988,T2Q2,
2,New2,2019-08-04,10:00,natural,"RM, HW, RG",HW,2,30,3,16,18,42,3.1,T2Q3,0.13,1.961,T2Q3,
2,New2,2019-08-04,10:00,natural,"RM, HW, RG",RM,3,210,1,4,17,127,0,T3Q1,0.819,5.223,T3Q1,
2,New2,2019-08-04,10:00,natural,"RM, HW, RG",RG,3,210,2,14,1,102,2.7,T3Q2,0.208,2.077,T3Q2,
2,New2,2019-08-04,10:00,natural,"RM, HW, RG",HW,3,210,3,11,3,65,4.2,NA,NA,NA,T3Q3,
2,Montreal,2019-08-04,11:00,zero,"RM, HW, RG",RM,1,120,1,2,7,291,0,NA,NA,NA,T1Q1,
2,Montreal,2019-08-04,11:00,zero,"RM, HW, RG",RG,1,120,2,18,4,158,1.4,NA,NA,NA,T1Q2,
2,Montreal,2019-08-04,11:00,zero,"RM, HW, RG",HW,1,120,3,11,16,10,2.9,NA,NA,NA,T1Q3,
2,Montreal,2019-08-04,11:00,zero,"RM, HW, RG",RM,2,30,1,13,14,384,0.1,T2Q1,0.614,4.198,T2Q1,
2,Montreal,2019-08-04,11:00,zero,"RM, HW, RG",RG,2,30,2,12,6,121,1.4,T2Q2,1.038,4.938,T2Q2,
2,Montreal,2019-08-04,11:00,zero,"RM, HW, RG",HW,2,30,3,15,8,23,2.9,T2Q3,0.045,1.045,T2Q3,
2,Montreal,2019-08-04,11:00,zero,"RM, HW, RG",HW,3,210,1,3,10,257,0,T3Q1,0.989,4.701,T3Q1,
2,Montreal,2019-08-04,11:00,zero,"RM, HW, RG",RG,3,210,2,17,9,105,0.6,T3Q2,0.747,1.016,T3Q2,
2,Montreal,2019-08-04,11:00,zero,"RM, HW, RG",RM,3,210,3,1,5,52,2.2,NA,NA,NA,T3Q3,
2,94North,2019-08-04,12:30,ft,"RM, HW, RG",RM,1,120,1,4,6,157,0,NA,NA,NA,T1Q1,
2,94North,2019-08-04,12:30,ft,"RM, HW, RG",RG,1,120,2,2,9,117,4.2,NA,NA,NA,T1Q2,
2,94North,2019-08-04,12:30,ft,"RM, HW, RG",HW,1,120,3,8,18,93,5.7,NA,NA,NA,T1Q3,
2,94North,2019-08-04,12:30,ft,"RM, HW, RG",RM,2,30,1,10,7,184,0,T2Q1,0.686,2.892,T2Q1,
2,94North,2019-08-04,12:30,ft,"RM, HW, RG",HW,2,30,2,11,17,139,1.8,T2Q2,0.353,2.678,T2Q2,
2,94North,2019-08-04,12:30,ft,"RM, HW, RG",RG,2,30,3,16,12,47,3.4,T2Q3,0.052,0.209,T2Q3,
2,94North,2019-08-04,12:30,ft,"RM, HW, RG",RM,3,210,1,5,14,226,0,T3Q1,0.942,3.203,T3Q1,
2,94North,2019-08-04,12:30,ft,"RM, HW, RG",HW,3,210,2,15,1,237,3.5,T3Q2,0.455,5.074,T3Q2,
2,94North,2019-08-04,12:30,ft,"RM, HW, RG",RG,3,210,3,3,13,111,5,NA,NA,NA,T3Q3,
2,94Urchin,2019-08-05,10:00,dd,"RM, HW, RG",RM,1,120,1,4,16,281,0,NA,NA,NA,T1Q1,
2,94Urchin,2019-08-05,10:00,dd,"RM, HW, RG",HW,1,120,2,9,12,152,3,NA,NA,NA,T1Q2,
2,94Urchin,2019-08-05,10:00,dd,"RM, HW, RG",RG,1,120,3,8,5,82,4.5,NA,NA,NA,T1Q3,
2,94Urchin,2019-08-05,10:00,dd,"RM, HW, RG",HW,2,30,1,15,17,409,0.2,T2Q1,1.506,11.753,T2Q1,
2,94Urchin,2019-08-05,10:00,dd,"RM, HW, RG",RM,2,30,2,2,18,259,3.7,T3Q3,1.066,9.025,T2Q2,core bag mislabelled as T3Q3
2,94Urchin,2019-08-05,10:00,dd,"RM, HW, RG",RG,2,30,3,14,11,109,5,T2Q3,0.404,6.819,T2Q3,
2,94Urchin,2019-08-05,10:00,dd,"RM, HW, RG",RM,3,210,1,7,3,271,0,T3Q1,NA,NA,T3Q1,core collected but not processed
2,94Urchin,2019-08-05,10:00,dd,"RM, HW, RG",RG,3,210,2,1,6,117,1.7,T3Q2,NA,NA,T3Q2,core collected but not processed
2,94Urchin,2019-08-05,10:00,dd,"RM, HW, RG",HW,3,210,3,10,13,65,3.2,NA,NA,NA,T3Q3,
2,Damsel,2019-08-05,11:30,natural,"RM, HW, RG",HW,1,120,1,18,6,275,0,NA,NA,NA,T1Q1,
2,Damsel,2019-08-05,11:30,natural,"RM, HW, RG",RG,1,120,2,8,5,159,1.7,NA,NA,NA,T1Q2,
2,Damsel,2019-08-05,11:30,natural,"RM, HW, RG",RM,1,120,3,7,4,112,3.2,NA,NA,NA,T1Q3,
2,Damsel,2019-08-05,11:30,natural,"RM, HW, RG",RM,2,30,1,15,12,260,0,T2Q1,1.369,6.101,T2Q1,
2,Damsel,2019-08-05,11:30,natural,"RM, HW, RG",HW,2,30,2,17,14,151,1.6,T2Q2,0.298,1.472,T2Q2,
2,Damsel,2019-08-05,11:30,natural,"RM, HW, RG",RG,2,30,3,1,3,76,3.1,T2Q3,0.309,1.661,T2Q3,
2,Damsel,2019-08-05,11:30,natural,"RM, HW, RG",RG,3,210,1,16,11,266,0,T3Q1,NA,NA,T3Q1,core collected but not processed
2,Damsel,2019-08-05,11:30,natural,"RM, HW, RG",RM,3,210,2,9,10,268,1.8,T3Q2,NA,NA,T3Q2,core collected but not processed
2,Damsel,2019-08-05,11:30,natural,"RM, HW, RG",HW,3,210,3,13,2,92,3.4,NA,NA,NA,T3Q3,
2,Cow,2019-08-05,12:30,dd,"RM, HW, RG",HW,1,120,1,6,13,142,0,NA,NA,NA,T1Q1,
2,Cow,2019-08-05,12:30,dd,"RM, HW, RG",RM,1,120,2,5,8,103,1,NA,NA,NA,T1Q2,
2,Cow,2019-08-05,12:30,dd,"RM, HW, RG",RG,1,120,3,12,4,24,2.5,NA,NA,NA,T1Q3,
2,Cow,2019-08-05,12:30,dd,"RM, HW, RG",HW,2,30,1,2,9,159,0,T2Q1,1.062,4.929,T2Q1,
2,Cow,2019-08-05,12:30,dd,"RM, HW, RG",RG,2,30,2,18,10,107,0.9,T2Q2,0.646,2.635,T2Q2,
2,Cow,2019-08-05,12:30,dd,"RM, HW, RG",RM,2,30,3,11,4,75,2.4,T2Q3,0.894,7.065,T2Q3,
2,Cow,2019-08-05,12:30,dd,"RM, HW, RG",RM,3,210,1,16,15,257,0,T3Q1,NA,NA,T3Q1,core collected but not processed
2,Cow,2019-08-05,12:30,dd,"RM, HW, RG",HW,3,210,2,3,7,194,1.6,T3Q2,NA,NA,T3Q2,core collected but not processed
2,Cow,2019-08-05,12:30,dd,"RM, HW, RG",RG,3,210,3,1,17,19,3.1,NA,NA,NA,T3Q3,
2,E2,2019-08-06,10:00,zero,"RM, HW, RG",RM,1,120,1,17,14,221,0,NA,NA,NA,T1Q1,
2,E2,2019-08-06,10:00,zero,"RM, HW, RG",HW,1,120,2,15,9,225,3.2,NA,NA,NA,T1Q2,
2,E2,2019-08-06,10:00,zero,"RM, HW, RG",RM,1,120,3,1,3,221,4.8,NA,NA,NA,T1Q3,
2,E2,2019-08-06,10:00,zero,"RM, HW, RG",RM,2,30,1,12,4,267,0.4,T2Q1,1.341,3.3,T2Q1,
2,E2,2019-08-06,10:00,zero,"RM, HW, RG",HW,2,30,2,2,13,271,3.9,T2Q2,0.661,7.613,T2Q2,
2,E2,2019-08-06,10:00,zero,"RM, HW, RG",RG,2,30,3,7,5,144,5.4,T2Q3,0.5,2.405,T3Q3 GREEN,green tape
2,E2,2019-08-06,10:00,zero,"RM, HW, RG",RM,3,210,1,10,8,333,0.2,NA,NA,NA,T3Q1,
2,E2,2019-08-06,10:00,zero,"RM, HW, RG",RG,3,210,2,11,18,279,4.9,NA,NA,NA,T3Q2,
2,E2,2019-08-06,10:00,zero,"RM, HW, RG",HW,3,210,3,6,16,173,6.4,NA,NA,NA,T3Q3 PURPLE,purple tape
2,E1,2019-08-06,11:30,half,"RM, HW, RG",HW,1,120,1,9,6,370,0,NA,NA,NA,T1Q1,
2,E1,2019-08-06,11:30,half,"RM, HW, RG",RM,1,120,2,18,7,251,1.5,NA,NA,NA,T1Q2,
2,E1,2019-08-06,11:30,half,"RM, HW, RG",RG,1,120,3,13,16,84,3,NA,NA,NA,T1Q3,
2,E1,2019-08-06,11:30,half,"RM, HW, RG",RM,2,30,1,5,1,407,0,T2Q1,2.177,7.542,T2Q1,
2,E1,2019-08-06,11:30,half,"RM, HW, RG",HW,2,30,2,15,8,287,2.4,T2Q2,1.339,3.89,T2Q2,
2,E1,2019-08-06,11:30,half,"RM, HW, RG",RG,2,30,3,11,17,140,3.9,T2Q3,0.662,5.969,T2Q3,
2,E1,2019-08-06,11:30,half,"RM, HW, RG",RG,3,210,1,14,10,278,0,NA,NA,NA,T3Q1,
2,E1,2019-08-06,11:30,half,"RM, HW, RG",HW,3,210,2,12,3,244,6,NA,NA,NA,T3Q2,
2,E1,2019-08-06,11:30,half,"RM, HW, RG",RM,3,210,3,2,4,84,7.5,NA,NA,NA,T3Q3,
2,Cooda,2019-08-06,12:30,dd,"RM, HW, RG",HW,1,120,1,12,18,198,0.1,NA,NA,NA,T1Q1,
2,Cooda,2019-08-06,12:30,dd,"RM, HW, RG",RG,1,120,2,4,10,122,1.3,NA,NA,NA,T1Q2,
2,Cooda,2019-08-06,12:30,dd,"RM, HW, RG",RM,1,120,3,17,6,41,2.9,NA,NA,NA,T1Q3,
2,Cooda,2019-08-06,12:30,dd,"RM, HW, RG",HW,2,30,1,16,11,344,0.1,T2Q1,1.436,4.807,T2Q1,
2,Cooda,2019-08-06,12:30,dd,"RM, HW, RG",RM,2,30,2,13,5,271,1.3,T2Q2,0.634,7.144,T2Q2,
2,Cooda,2019-08-06,12:30,dd,"RM, HW, RG",RG,2,30,3,15,11,53,1.8,T2Q3,0.237,2.723,T2Q3,
2,Cooda,2019-08-06,12:30,dd,"RM, HW, RG",RM,3,210,1,2,3,206,0,NA,NA,NA,T3Q1,
2,Cooda,2019-08-06,12:30,dd,"RM, HW, RG",RG,3,210,2,14,7,94,1,NA,NA,NA,T3Q2,
2,Cooda,2019-08-06,12:30,dd,"RM, HW, RG",HW,3,210,3,8,9,45,2.5,NA,NA,NA,T3Q3,
2,IMC,2019-08-07,9:30,ft,"RM, HW",RM,1,120,1,14,4,343,0,NA,NA,NA,T1Q1,
2,IMC,2019-08-07,9:30,ft,"RM, HW",HW,1,120,2,5,7,181,1.9,NA,NA,NA,T1Q2,
2,IMC,2019-08-07,9:30,ft,"RM, HW",HW,1,120,3,3,6,53,3.4,NA,NA,NA,T1Q3,
2,IMC,2019-08-07,9:30,ft,"RM, HW",RM,2,30,1,1,13,276,0.4,T2Q1,1.547,6.124,T2Q1,
2,IMC,2019-08-07,9:30,ft,"RM, HW",HW,2,30,2,16,9,226,0.9,T2Q2,0.881,5.008,T2Q2,
2,IMC,2019-08-07,9:30,ft,"RM, HW",HW,2,30,3,8,18,63,2.4,T2Q3,0.083,1.701,T2Q3,
2,IMC,2019-08-07,9:30,ft,"RM, HW",RM,3,210,1,17,2,226,0,NA,NA,NA,T3Q1,
2,IMC,2019-08-07,9:30,ft,"RM, HW",HW,3,210,2,12,11,182,1.8,NA,NA,NA,T3Q2,
2,IMC,2019-08-07,9:30,ft,"RM, HW",RM,3,210,3,10,15,139,3.3,NA,NA,NA,T3Q3,
2,78S,2019-08-07,11:30,natural,"RM, RG",RM,1,120,1,16,15,194,0,NA,NA,NA,T1Q1,
2,78S,2019-08-07,11:30,natural,"RM, RG",RG,1,120,2,18,5,79,1.2,NA,NA,NA,T1Q2,
2,78S,2019-08-07,11:30,natural,"RM, RG",RG,1,120,3,1,13,32,2.7,NA,NA,NA,T1Q3,"no shoot count recorded, went back next day"
2,78S,2019-08-07,11:30,natural,"RM, RG",RM,2,30,1,12,2,205,0,T2Q1,2.438,6.956,T2Q1,
2,78S,2019-08-07,11:30,natural,"RM, RG",RG,2,30,2,3,14,164,1.8,T2Q2,0.818,3.952,T2Q2,
2,78S,2019-08-07,11:30,natural,"RM, RG",RM,2,30,3,9,6,190,3.4,T2Q3,0.666,5.458,T2Q3,
2,78S,2019-08-07,11:30,natural,"RM, RG",RG,3,210,1,8,7,236,0,NA,NA,NA,T3Q1,
2,78S,2019-08-07,11:30,natural,"RM, RG",RM,3,210,2,10,17,220,2.4,NA,NA,NA,T3Q2,
2,78S,2019-08-07,11:30,natural,"RM, RG",RG,3,210,3,11,4,59,3.9,NA,NA,NA,T3Q3,
2,FFA,2019-08-07,13:00,zero,"HW, RG",RG,1,120,1,1,17,207,0.1,NA,NA,NA,T1Q1,
2,FFA,2019-08-07,13:00,zero,"HW, RG",HW,1,120,2,3,9,200,0.9,NA,NA,NA,T1Q2,
2,FFA,2019-08-07,13:00,zero,"HW, RG",HW,1,120,3,15,11,47,2.4,NA,NA,NA,T1Q3,
2,FFA,2019-08-07,13:00,zero,"HW, RG",RG,2,30,1,5,16,155,0.2,T2Q1,0.893,3.015,T2Q1,
2,FFA,2019-08-07,13:00,zero,"HW, RG",HW,2,30,2,10,4,301,2.1,T2Q2,0.739,5.792,T2Q2,
2,FFA,2019-08-07,13:00,zero,"HW, RG",HW,2,30,3,2,13,88,3.6,T2Q3,0.026,2.289,T2Q3,
2,FFA,2019-08-07,13:00,zero,"HW, RG",RG,3,210,1,8,18,126,0,NA,NA,NA,T3Q1,
2,FFA,2019-08-07,13:00,zero,"HW, RG",HW,3,210,2,6,12,168,0.9,NA,NA,NA,T3Q2,
2,FFA,2019-08-07,13:00,zero,"HW, RG",RG,3,210,3,14,7,51,2.4,NA,NA,NA,T3Q3,
2,Check5,2019-08-08,10:00,half,"RM, HW",RM,1,120,1,2,14,177,0,NA,NA,NA,T1Q1,
2,Check5,2019-08-08,10:00,half,"RM, HW",HW,1,120,2,7,8,215,2.3,NA,NA,NA,T1Q2,
2,Check5,2019-08-08,10:00,half,"RM, HW",HW,1,120,3,12,17,89,3.8,NA,NA,NA,T1Q3,
2,Check5,2019-08-08,10:00,half,"RM, HW",RM,2,30,1,13,15,281,0,T2Q1,0.975,3.93,T2Q1,
2,Check5,2019-08-08,10:00,half,"RM, HW",HW,2,30,2,5,1,353,1.7,T2Q2,0.989,4.2,T2Q2,
2,Check5,2019-08-08,10:00,half,"RM, HW",RM,2,30,3,16,11,262,3.1,T2Q3,0.537,7.638,T2Q3,
2,Check5,2019-08-08,10:00,half,"RM, HW",HW,3,210,1,3,6,315,0,NA,NA,NA,T3Q1,
2,Check5,2019-08-08,10:00,half,"RM, HW",RM,3,210,2,4,18,169,2.5,NA,NA,NA,T3Q2,
2,Check5,2019-08-08,10:00,half,"RM, HW",RM,3,210,3,9,10,93,4.1,NA,NA,NA,T3Q3,
2,CT15,2019-08-08,11:30,zero,"RM, HW",RM,1,120,1,5,1,190,0,NA,NA,NA,T1Q1,
2,CT15,2019-08-08,11:30,zero,"RM, HW",HW,1,120,2,10,17,171,0.9,NA,NA,NA,T1Q2,
2,CT15,2019-08-08,11:30,zero,"RM, HW",HW,1,120,3,4,13,72,2.4,NA,NA,NA,T1Q3,
2,CT15,2019-08-08,11:30,zero,"RM, HW",HW,2,30,1,12,7,194,0,T2Q1,1.217,2.744,T2Q1,
2,CT15,2019-08-08,11:30,zero,"RM, HW",RM,2,30,2,6,16,165,2.2,T2Q2,0.642,4.006,T2Q2,
2,CT15,2019-08-08,11:30,zero,"RM, HW",HW,2,30,3,9,13,103,3.8,T2Q3,0.366,3.432,T2Q3,
2,CT15,2019-08-08,11:30,zero,"RM, HW",HW,3,210,1,14,2,233,0.1,NA,NA,NA,T3Q1,
2,CT15,2019-08-08,11:30,zero,"RM, HW",RM,3,210,2,18,11,222,1.6,NA,NA,NA,T3Q2,
2,CT15,2019-08-08,11:30,zero,"RM, HW",HW,3,210,3,15,8,118,3.1,NA,NA,NA,T3Q3,
2,Vancouver,2019-08-08,13:00,half,"RM, RG",RM,1,120,1,3,8,162,0,NA,NA,NA,T1Q1,
2,Vancouver,2019-08-08,13:00,half,"RM, RG",RG,1,120,2,2,9,88,1.5,NA,NA,NA,T1Q2,
2,Vancouver,2019-08-08,13:00,half,"RM, RG",RG,1,120,3,5,15,28,3,NA,NA,NA,T1Q3,
2,Vancouver,2019-08-08,13:00,half,"RM, RG",RM,2,30,1,14,11,172,0,T2Q1,1.704,3.341,T2Q1,
2,Vancouver,2019-08-08,13:00,half,"RM, RG",RG,2,30,2,1,6,154,2.4,T2Q2,0.315,4.966,T2Q2,
2,Vancouver,2019-08-08,13:00,half,"RM, RG",RM,2,30,3,7,13,97,4,T2Q3,2.886,7.899,T2Q3,
2,Vancouver,2019-08-08,13:00,half,"RM, RG",RG,3,210,1,18,17,164,0.1,NA,NA,NA,T3Q1,
2,Vancouver,2019-08-08,13:00,half,"RM, RG",RM,3,210,2,10,12,147,3.1,NA,NA,NA,T3Q2,
2,Vancouver,2019-08-08,13:00,half,"RM, RG",RM,3,210,3,4,16,66,4.6,NA,NA,NA,T3Q3,
2,Calgary,2019-08-08,14:00,ft,"HW, RG",RG,1,120,1,3,12,212,0,NA,NA,NA,T1Q1,
2,Calgary,2019-08-08,14:00,ft,"HW, RG",HW,1,120,2,6,17,250,0.8,NA,NA,NA,T1Q2,
2,Calgary,2019-08-08,14:00,ft,"HW, RG",HW,1,120,3,4,1,80,2.3,NA,NA,NA,T1Q3,
2,Calgary,2019-08-08,14:00,ft,"HW, RG",RG,2,30,1,2,10,255,0.9,T2Q1,1.145,5.76,T2Q1,
2,Calgary,2019-08-08,14:00,ft,"HW, RG",HW,2,30,2,13,8,209,1.9,T2Q2,0.41,5.928,T2Q2,
2,Calgary,2019-08-08,14:00,ft,"HW, RG",HW,2,30,3,14,16,52,3.4,T2Q3,0.077,1.06,T2Q3,
2,Calgary,2019-08-08,14:00,ft,"HW, RG",RG,3,210,1,18,7,216,0.2,NA,NA,NA,T3Q1,
2,Calgary,2019-08-08,14:00,ft,"HW, RG",HW,3,210,2,5,11,208,1.1,NA,NA,NA,T3Q2,
2,Calgary,2019-08-08,14:00,ft,"HW, RG",RG,3,210,3,15,9,57,3.6,NA,NA,NA,T3Q3,
2,119,2019-08-09,10:00,natural,"HW, RG",RG,1,120,1,9,16,206,0.1,NA,NA,NA,T1Q1,
2,119,2019-08-09,10:00,natural,"HW, RG",HW,1,120,2,8,13,249,0.9,NA,NA,NA,T1Q2,
2,119,2019-08-09,10:00,natural,"HW, RG",HW,1,120,3,14,15,81,2.4,NA,NA,NA,T1Q3,
2,119,2019-08-09,10:00,natural,"HW, RG",RG,2,30,1,5,1,153,0.1,T2Q1,0.649,1.32,T2Q1,
2,119,2019-08-09,10:00,natural,"HW, RG",HW,2,30,2,18,6,219,1.6,T2Q2,0.421,3.623,T2Q2,
2,119,2019-08-09,10:00,natural,"HW, RG",HW,2,30,3,11,4,97,3.1,T2Q3,0.068,2.839,T2Q3,
2,119,2019-08-09,10:00,natural,"HW, RG",RG,3,210,1,10,3,182,0,NA,NA,NA,T3Q1,
2,119,2019-08-09,10:00,natural,"HW, RG",HW,3,210,2,2,12,424,1.5,NA,NA,NA,T3Q2,
2,119,2019-08-09,10:00,natural,"HW, RG",RG,3,210,3,7,17,185,3,NA,NA,NA,T3Q3,
2,71,2019-08-09,11:30,ft,"RM, HW",RM,1,120,1,9,12,352,0,NA,NA,NA,T1Q1,
2,71,2019-08-09,11:30,ft,"RM, HW",HW,1,120,2,1,17,283,4.3,NA,NA,NA,T1Q2,
2,71,2019-08-09,11:30,ft,"RM, HW",HW,1,120,3,18,10,113,5.8,NA,NA,NA,T1Q3,
2,71,2019-08-09,11:30,ft,"RM, HW",RM,2,30,1,15,14,462,0,T2Q1,1.289,10.389,T2Q1,
2,71,2019-08-09,11:30,ft,"RM, HW",HW,2,30,2,6,2,394,4.7,T2Q2,0.859,6.476,T2Q2,
2,71,2019-08-09,11:30,ft,"RM, HW",RM,2,30,3,3,16,202,6.2,T2Q3,0.808,7.032,T2Q3,
2,71,2019-08-09,11:30,ft,"RM, HW",HW,3,210,1,8,7,356,0.2,NA,NA,NA,T3Q1,
2,71,2019-08-09,11:30,ft,"RM, HW",RM,3,210,2,4,5,372,4.3,NA,NA,NA,T3Q2,
2,71,2019-08-09,11:30,ft,"RM, HW",HW,3,210,3,13,11,181,5.8,NA,NA,NA,T3Q3,
2,Check3,2019-08-09,12:30,zero,"RM, RG",RM,1,120,1,12,13,284,0,NA,NA,NA,T1Q1,
2,Check3,2019-08-09,12:30,zero,"RM, RG",RG,1,120,2,17,6,164,0.7,NA,NA,NA,T1Q2,
2,Check3,2019-08-09,12:30,zero,"RM, RG",RG,1,120,3,16,4,46,2.2,NA,NA,NA,T1Q3,
2,Check3,2019-08-09,12:30,zero,"RM, RG",RM,2,30,1,5,14,242,0.5,T2Q1,1.288,5.111,T2Q1,
2,Check3,2019-08-09,12:30,zero,"RM, RG",RG,2,30,2,10,8,146,2,T2Q2,0.227,2.159,T2Q2,
2,Check3,2019-08-09,12:30,zero,"RM, RG",RG,2,30,3,11,18,99,3.5,T2Q3,0.15,2.311,T2Q3,
2,Check3,2019-08-09,12:30,zero,"RM, RG",RM,3,210,1,15,1,298,0,NA,NA,NA,T3Q1,
2,Check3,2019-08-09,12:30,zero,"RM, RG",RG,3,210,2,3,7,144,1,NA,NA,NA,T3Q2,
2,Check3,2019-08-09,12:30,zero,"RM, RG",RG,3,210,3,9,2,48,2.5,NA,NA,NA,T3Q3,
2,NF17,2019-08-12,9:30,ft,"HW, RM",HW,1,120,1,13,9,239,0.3,NA,NA,NA,T1Q1,
2,NF17,2019-08-12,9:30,ft,"HW, RM",RM,1,120,2,6,12,177,3.5,NA,NA,NA,T1Q2,
2,NF17,2019-08-12,9:30,ft,"HW, RM",HW,1,120,3,2,10,76,5.1,NA,NA,NA,T1Q3,
2,NF17,2019-08-12,9:30,ft,"HW, RM",RM,2,30,1,18,8,330,0,T2Q1,0.777,7.714,T2Q1,
2,NF17,2019-08-12,9:30,ft,"HW, RM",HW,2,30,2,15,7,231,1.7,T2Q2,0.799,7.3,T2Q2,
2,NF17,2019-08-12,9:30,ft,"HW, RM",RM,2,30,3,14,17,133,3.2,T2Q3,0.649,3.205,T2Q3,
2,NF17,2019-08-12,9:30,ft,"HW, RM",HW,3,210,1,11,5,219,0,NA,NA,NA,T3Q1,
2,NF17,2019-08-12,9:30,ft,"HW, RM",RM,3,210,2,16,3,260,3.8,NA,NA,NA,T3Q2,
2,NF17,2019-08-12,9:30,ft,"HW, RM",HW,3,210,3,1,4,127,5.3,NA,NA,NA,T3Q3,
2,57,2019-08-12,11:00,dd,"RM, RG",RM,1,120,1,5,18,318,0,NA,NA,NA,T1Q1,
2,57,2019-08-12,11:00,dd,"RM, RG",RG,1,120,2,8,11,89,1.9,NA,NA,NA,T1Q2,
2,57,2019-08-12,11:00,dd,"RM, RG",RG,1,120,3,1,12,59,3.4,NA,NA,NA,T1Q3,
2,57,2019-08-12,11:00,dd,"RM, RG",RM,2,30,1,13,2,350,0,T2Q1,2.175,8.801,T2Q1,
2,57,2019-08-12,11:00,dd,"RM, RG",RG,2,30,2,10,15,256,2.3,T2Q2,0.729,5.044,T2Q2,
2,57,2019-08-12,11:00,dd,"RM, RG",RM,2,30,3,16,6,175,3.8,T2Q3,0.42,9.951,T2Q3,
2,57,2019-08-12,11:00,dd,"RM, RG",RG,3,210,1,14,9,240,0.7,NA,NA,NA,T3Q1,
2,57,2019-08-12,11:00,dd,"RM, RG",RM,3,210,2,7,17,220,2.7,NA,NA,NA,T3Q2,
2,57,2019-08-12,11:00,dd,"RM, RG",RG,3,210,3,4,3,30,4.2,NA,NA,NA,T3Q3,
2,Josh,2019-08-12,12:30,half,"HW, RG",RG,1,120,1,6,12,164,0.2,NA,NA,NA,T1Q1,
2,Josh,2019-08-12,12:30,half,"HW, RG",HW,1,120,2,5,13,349,3.3,NA,NA,NA,T1Q2,
2,Josh,2019-08-12,12:30,half,"HW, RG",HW,1,120,3,10,18,149,4.8,NA,NA,NA,T1Q3,
2,Josh,2019-08-12,12:30,half,"HW, RG",RG,2,30,1,2,4,196,0,T2Q1,0.859,3.389,T2Q1,
2,Josh,2019-08-12,12:30,half,"HW, RG",HW,2,30,2,14,15,272,2.1,T2Q2,0.808,5.999,T2Q2,
2,Josh,2019-08-12,12:30,half,"HW, RG",RG,2,30,3,8,9,109,3.6,T2Q3,0.409,2.895,T2Q3,
2,Josh,2019-08-12,12:30,half,"HW, RG",HW,3,210,1,11,7,235,0.3,NA,NA,NA,T3Q1,
2,Josh,2019-08-12,12:30,half,"HW, RG",HW,3,210,2,17,3,241,2.4,NA,NA,NA,T3Q2,
2,Josh,2019-08-12,12:30,half,"HW, RG",RG,3,210,3,16,1,72,3.9,NA,NA,NA,T3Q3,
2,Check1,2019-08-13,9:30,dd,"HW, RG",RG,1,120,1,11,3,302,0,NA,NA,NA,T1Q1,
2,Check1,2019-08-13,9:30,dd,"HW, RG",HW,1,120,2,6,5,301,1.2,NA,NA,NA,T1Q2,
2,Check1,2019-08-13,9:30,dd,"HW, RG",HW,1,120,3,12,13,116,2.7,NA,NA,NA,T1Q3,
2,Check1,2019-08-13,9:30,dd,"HW, RG",RG,2,30,1,10,1,329,0,T2Q1,1.665,8.468,T2Q1,
2,Check1,2019-08-13,9:30,dd,"HW, RG",HW,2,30,2,18,2,333,2,T2Q2,0.867,8.787,T2Q2,
2,Check1,2019-08-13,9:30,dd,"HW, RG",HW,2,30,3,15,16,140,3.5,T2Q3,0.554,3.496,T2Q3,
2,Check1,2019-08-13,9:30,dd,"HW, RG",RG,3,210,1,4,14,278,0.5,NA,NA,NA,T3Q1,
2,Check1,2019-08-13,9:30,dd,"HW, RG",HW,3,210,2,7,8,284,2.3,NA,NA,NA,T3Q2,
2,Check1,2019-08-13,9:30,dd,"HW, RG",HW,3,210,3,9,17,156,3.8,NA,NA,NA,T3Q3,
2,Angel2,2019-08-13,11:00,ft,"HW, RG",RG,1,120,1,13,9,183,0,NA,NA,NA,T1Q1,
2,Angel2,2019-08-13,11:00,ft,"HW, RG",HW,1,120,2,8,3,198,1.3,NA,NA,NA,T1Q2,
2,Angel2,2019-08-13,11:00,ft,"HW, RG",HW,1,120,3,7,4,76,2.8,NA,NA,NA,T1Q3,
2,Angel2,2019-08-13,11:00,ft,"HW, RG",RG,2,30,1,6,1,142,0.3,T2Q1,0.625,5.356,T2Q1,
2,Angel2,2019-08-13,11:00,ft,"HW, RG",HW,2,30,2,17,12,187,1.3,T2Q2,0.304,2.733,T2Q2,
2,Angel2,2019-08-13,11:00,ft,"HW, RG",HW,2,30,3,2,11,92,2.8,T2Q3,0.129,0.751,T2Q3,
2,Angel2,2019-08-13,11:00,ft,"HW, RG",RG,3,210,1,15,14,171,0.2,NA,NA,NA,T3Q1,
2,Angel2,2019-08-13,11:00,ft,"HW, RG",HW,3,210,2,16,10,180,0.9,NA,NA,NA,T3Q2,
2,Angel2,2019-08-13,11:00,ft,"HW, RG",RG,3,210,3,18,5,68,2.4,NA,NA,NA,T3Q3,
2,Biscuit,2019-08-13,12:30,zero,"HW, RG",RG,1,120,1,12,11,208,0.2,NA,NA,NA,T1Q1,
2,Biscuit,2019-08-13,12:30,zero,"HW, RG",HW,1,120,2,17,13,201,2.8,NA,NA,NA,T1Q2,
2,Biscuit,2019-08-13,12:30,zero,"HW, RG",HW,1,120,3,18,15,59,4.5,NA,NA,NA,T1Q3,
2,Biscuit,2019-08-13,12:30,zero,"HW, RG",RG,2,30,1,1,16,177,0.1,T2Q1,0.721,4.539,T2Q1,
2,Biscuit,2019-08-13,12:30,zero,"HW, RG",HW,2,30,2,9,3,194,0.9,T2Q2,0.279,6.636,T2Q2,
2,Biscuit,2019-08-13,12:30,zero,"HW, RG",HW,2,30,3,4,7,13,2.4,T2Q3,0.077,0.563,T2Q3,
2,Biscuit,2019-08-13,12:30,zero,"HW, RG",RG,3,210,1,5,10,197,0.1,NA,NA,NA,T3Q1,
2,Biscuit,2019-08-13,12:30,zero,"HW, RG",HW,3,210,2,2,8,254,1.5,NA,NA,NA,T3Q2,
2,Biscuit,2019-08-13,12:30,zero,"HW, RG",HW,3,210,3,6,14,34,3,NA,NA,NA,T3Q3,
2,NF15,2019-08-14,9:30,dd,"HW, RG",RG,1,120,1,2,19,107,0,NA,NA,NA,T1Q1,
2,NF15,2019-08-14,9:30,dd,"HW, RG",HW,1,120,2,13,15,302,2.8,NA,NA,NA,T1Q2,
2,NF15,2019-08-14,9:30,dd,"HW, RG",RG,1,120,3,7,5,137,4.3,NA,NA,NA,T1Q3,
2,NF15,2019-08-14,9:30,dd,"HW, RG",HW,2,30,1,16,3,172,0.1,T2Q1,0.887,18.732,T2Q1,
2,NF15,2019-08-14,9:30,dd,"HW, RG",HW,2,30,2,18,10,168,4.1,T2Q2,0.894,8.183,T2Q2,
2,NF15,2019-08-14,9:30,dd,"HW, RG",HW,2,30,3,1,14,115,5.6,T2Q3,0.195,,T2Q3,
2,NF15,2019-08-14,9:30,dd,"HW, RG",RG,3,210,1,8,11,148,0.2,NA,NA,NA,T3Q1,
2,NF15,2019-08-14,9:30,dd,"HW, RG",HW,3,210,2,17,12,256,3.5,NA,NA,NA,T3Q2,
2,NF15,2019-08-14,9:30,dd,"HW, RG",RG,3,210,3,4,6,135,5.9,NA,NA,NA,T3Q3,
2,LS02,2019-08-14,11:00,natural,"HW, RG",HW,1,120,1,10,17,375,0,NA,NA,NA,T1Q1,
2,LS02,2019-08-14,11:00,natural,"HW, RG",RG,1,120,2,15,11,194,0.6,NA,NA,NA,T1Q2,
2,LS02,2019-08-14,11:00,natural,"HW, RG",RG,1,120,3,14,5,132,2.1,NA,NA,NA,T1Q3,
2,LS02,2019-08-14,11:00,natural,"HW, RG",HW,2,30,1,9,4,361,0,T2Q1,0.488,1.671,T2Q1,
2,LS02,2019-08-14,11:00,natural,"HW, RG",RG,2,30,2,1,18,175,1.5,T2Q2,0.488,2.712,T2Q2,
2,LS02,2019-08-14,11:00,natural,"HW, RG",RG,2,30,3,8,3,57,3,T2Q3,0.188,3.082,T2Q3,
2,LS02,2019-08-14,11:00,natural,"HW, RG",HW,3,210,1,12,7,315,0,NA,NA,NA,T3Q1,
2,LS02,2019-08-14,11:00,natural,"HW, RG",RG,3,210,2,13,6,205,1.1,NA,NA,NA,T3Q2,
2,LS02,2019-08-14,11:00,natural,"HW, RG",HW,3,210,3,16,2,100,2.6,NA,NA,NA,T3Q3,
2,76S,2019-08-14,12:30,natural,"HW, RG",RG,1,120,1,12,18,210,0,NA,NA,NA,T1Q1,
2,76S,2019-08-14,12:30,natural,"HW, RG",HW,1,120,2,10,8,283,1.6,NA,NA,NA,T1Q2,
2,76S,2019-08-14,12:30,natural,"HW, RG",HW,1,120,3,13,6,103,3.2,NA,NA,NA,T1Q3,
2,76S,2019-08-14,12:30,natural,"HW, RG",RG,2,30,1,14,17,193,0,T2Q1,0.322,1.586,T2Q1,shoots in unlabeled bag
2,76S,2019-08-14,12:30,natural,"HW, RG",HW,2,30,2,9,16,303,1.3,T2Q2,1.461,11.663,T2Q2,
2,76S,2019-08-14,12:30,natural,"HW, RG",HW,2,30,3,3,15,159,2.8,T2Q3,0.346,9.076,T2Q3,
2,76S,2019-08-14,12:30,natural,"HW, RG",HW,3,210,1,9,7,261,0,NA,NA,NA,T3Q1,
2,76S,2019-08-14,12:30,natural,"HW, RG",HW,3,210,2,5,13,258,0.7,NA,NA,NA,T3Q2,
2,76S,2019-08-14,12:30,natural,"HW, RG",HW,3,210,3,2,15,126,2.2,NA,NA,NA,T3Q3,
2,Shit'sCreek,2019-08-15,10:00,half,"RM, HW, RG",RM,1,120,1,18,11,237,0,NA,NA,NA,T1Q1,
2,Shit'sCreek,2019-08-15,10:00,half,"RM, HW, RG",RG,1,120,2,7,15,138,2.9,NA,NA,NA,T1Q2,
2,Shit'sCreek,2019-08-15,10:00,half,"RM, HW, RG",HW,1,120,3,5,17,107,4.4,NA,NA,NA,T1Q3,
2,Shit'sCreek,2019-08-15,10:00,half,"RM, HW, RG",RG,2,30,1,2,10,179,0.2,T2Q1,1.046,1.479,T2Q1,
2,Shit'sCreek,2019-08-15,10:00,half,"RM, HW, RG",RM,2,30,2,1,8,305,2.7,T2Q2,0.695,3.326,T2Q2,
2,Shit'sCreek,2019-08-15,10:00,half,"RM, HW, RG",HW,2,30,3,14,9,200,4.2,T2Q3,0.303,3.374,T2Q3,
2,Shit'sCreek,2019-08-15,10:00,half,"RM, HW, RG",RG,3,210,1,12,4,165,0,NA,NA,NA,T3Q1,
2,Shit'sCreek,2019-08-15,10:00,half,"RM, HW, RG",HW,3,210,2,13,3,265,5.5,NA,NA,NA,T3Q2,
2,Shit'sCreek,2019-08-15,10:00,half,"RM, HW, RG",HW,3,210,3,16,6,101,7,NA,NA,NA,T3Q3,
2,F5Small,2019-08-15,11:00,zero,"RM, HW, RG",RM,1,120,1,7,8,244,0,NA,NA,NA,T1Q1,
2,F5Small,2019-08-15,11:00,zero,"RM, HW, RG",HW,1,120,2,15,1,202,0.6,NA,NA,NA,T1Q2,
2,F5Small,2019-08-15,11:00,zero,"RM, HW, RG",RG,1,120,3,13,18,39,2.1,NA,NA,NA,T1Q3,
2,F5Small,2019-08-15,11:00,zero,"RM, HW, RG",RM,2,30,1,14,2,184,0,T2Q1,0.971,6.081,T2Q1,
2,F5Small,2019-08-15,11:00,zero,"RM, HW, RG",HW,2,30,2,10,12,190,0.6,T2Q2,0.461,4.427,T2Q2,
2,F5Small,2019-08-15,11:00,zero,"RM, HW, RG",RG,2,30,3,4,6,112,1.9,T2Q3,0.211,2.597,T2Q3,
2,F5Small,2019-08-15,11:00,zero,"RM, HW, RG",HW,3,210,1,17,11,161,0,NA,NA,NA,T3Q1,
2,F5Small,2019-08-15,11:00,zero,"RM, HW, RG",RG,3,210,2,9,3,158,0.5,NA,NA,NA,T3Q2,
2,F5Small,2019-08-15,11:00,zero,"RM, HW, RG",HW,3,210,3,5,16,57,2,NA,NA,NA,T3Q3,
2,Lakeisha,2019-08-15,13:00,ft,"RM, HW, RG",RM,1,120,1,10,18,241,0,NA,NA,NA,T1Q1,
2,Lakeisha,2019-08-15,13:00,ft,"RM, HW, RG",RG,1,120,2,11,16,121,3.4,NA,NA,NA,T1Q2,
2,Lakeisha,2019-08-15,13:00,ft,"RM, HW, RG",HW,1,120,3,3,5,19,4.9,NA,NA,NA,T1Q3,
2,Lakeisha,2019-08-15,13:00,ft,"RM, HW, RG",HW,2,30,1,13,15,204,0,T2Q1,0.971,4.235,T2Q1,
2,Lakeisha,2019-08-15,13:00,ft,"RM, HW, RG",RM,2,30,2,12,2,170,0.9,T2Q2,0.546,8.249,T2Q2,
2,Lakeisha,2019-08-15,13:00,ft,"RM, HW, RG",RG,2,30,3,1,17,51,2.4,T2Q3,0.086,1.78,T2Q3,
2,Lakeisha,2019-08-15,13:00,ft,"RM, HW, RG",RM,3,210,1,6,4,268,0,NA,NA,NA,T3Q1,
2,Lakeisha,2019-08-15,13:00,ft,"RM, HW, RG",HW,3,210,2,9,14,270,1.4,NA,NA,NA,T3Q2,
2,Lakeisha,2019-08-15,13:00,ft,"RM, HW, RG",RG,3,210,3,7,8,117,2.9,NA,NA,NA,T3Q3,
2,96,2019-08-15,15:00,half,"RM, HW, RG",RM,1,120,1,3,6,328,0,NA,NA,NA,T1Q1,
2,96,2019-08-15,15:00,half,"RM, HW, RG",HW,1,120,2,17,5,270,1.2,NA,NA,NA,T1Q2,
2,96,2019-08-15,15:00,half,"RM, HW, RG",RG,1,120,3,15,13,149,2.7,NA,NA,NA,T1Q3,
2,96,2019-08-15,15:00,half,"RM, HW, RG",HW,2,30,1,8,10,316,0,T2Q1,2.113,6.361,T2Q1,
2,96,2019-08-15,15:00,half,"RM, HW, RG",RM,2,30,2,14,2,328,1.1,T2Q2,1.234,10.473,T2Q2,
2,96,2019-08-15,15:00,half,"RM, HW, RG",RG,2,30,3,4,1,61,2.6,T2Q3,0.146,1.057,T2Q3,
2,96,2019-08-15,15:00,half,"RM, HW, RG",HW,3,210,1,18,7,287,0,NA,NA,NA,T3Q1,
2,96,2019-08-15,15:00,half,"RM, HW, RG",RM,3,210,2,16,11,282,0.7,NA,NA,NA,T3Q2,
2,96,2019-08-15,15:00,half,"RM, HW, RG",RG,3,210,3,12,9,118,2.2,NA,NA,NA,T3Q3,
2,74Tall,2019-08-16,9:30,half,"RM, HW, RG",RM,1,120,1,9,13,268,0,NA,NA,NA,T1Q1,
2,74Tall,2019-08-16,9:30,half,"RM, HW, RG",HW,1,120,2,15,7,283,1.7,NA,NA,NA,T1Q2,
2,74Tall,2019-08-16,9:30,half,"RM, HW, RG",RG,1,120,3,8,1,126,3.3,NA,NA,NA,T1Q3,
2,74Tall,2019-08-16,9:30,half,"RM, HW, RG",RM,2,30,1,10,18,264,0,T2Q1,0.592,4.474,T2Q1,
2,74Tall,2019-08-16,9:30,half,"RM, HW, RG",HW,2,30,2,12,2,244,1.7,T2Q2,0.37,4.857,T2Q2,
2,74Tall,2019-08-16,9:30,half,"RM, HW, RG",RG,2,30,3,5,16,59,3.2,T2Q3,0.154,2.808,T2Q3,
2,74Tall,2019-08-16,9:30,half,"RM, HW, RG",HW,3,210,1,4,6,224,0,NA,NA,NA,T3Q1,
2,74Tall,2019-08-16,9:30,half,"RM, HW, RG",RM,3,210,2,17,11,164,1.2,NA,NA,NA,T3Q2,
2,74Tall,2019-08-16,9:30,half,"RM, HW, RG",RG,3,210,3,3,14,3,2.7,NA,NA,NA,T3Q3,
2,90Stop,2019-08-16,11:00,dd,"RM, HW, RG",RM,1,120,1,16,11,378,0,NA,NA,NA,T1Q1,
2,90Stop,2019-08-16,11:00,dd,"RM, HW, RG",HW,1,120,2,18,12,338,1.4,NA,NA,NA,T1Q2,
2,90Stop,2019-08-16,11:00,dd,"RM, HW, RG",RG,1,120,3,2,14,177,2.9,NA,NA,NA,T1Q3,
2,90Stop,2019-08-16,11:00,dd,"RM, HW, RG",RM,2,30,1,17,1,450,0,T2Q1,1.4,2.221,T2Q1,
2,90Stop,2019-08-16,11:00,dd,"RM, HW, RG",HW,2,30,2,8,9,384,2.2,T2Q2,0.85,9.434,T2Q2,
2,90Stop,2019-08-16,11:00,dd,"RM, HW, RG",RG,2,30,3,15,5,146,3.7,T2Q3,0.555,2.625,T2Q3,
2,90Stop,2019-08-16,11:00,dd,"RM, HW, RG",HW,3,210,1,6,7,431,0,NA,NA,NA,T3Q1,
2,90Stop,2019-08-16,11:00,dd,"RM, HW, RG",RM,3,210,2,10,13,462,2.4,NA,NA,NA,T3Q2,
2,90Stop,2019-08-16,11:00,dd,"RM, HW, RG",RG,3,210,3,3,4,176,4.1,NA,NA,NA,T3Q3,
2,85,2019-08-16,13:00,natural,"RM, HW, RG",RM,1,120,1,18,7,292,0,NA,NA,NA,T1Q1,
2,85,2019-08-16,13:00,natural,"RM, HW, RG",HW,1,120,2,1,4,256,1.3,NA,NA,NA,T1Q2,
2,85,2019-08-16,13:00,natural,"RM, HW, RG",RG,1,120,3,5,2,135,3,NA,NA,NA,T1Q3,
2,85,2019-08-16,13:00,natural,"RM, HW, RG",RM,2,30,1,10,9,365,0,T2Q1,1.152,5.319,T2Q1,
2,85,2019-08-16,13:00,natural,"RM, HW, RG",HW,2,30,2,17,8,311,1.9,T2Q2,0.727,7.802,T2Q2,
2,85,2019-08-16,13:00,natural,"RM, HW, RG",RG,2,30,3,6,15,116,3.4,T2Q3,0.259,1.977,T2Q3,
2,85,2019-08-16,13:00,natural,"RM, HW, RG",RM,3,210,1,11,12,390,0,NA,NA,NA,T3Q1,
2,85,2019-08-16,13:00,natural,"RM, HW, RG",HW,3,210,2,3,16,340,1.4,NA,NA,NA,T3Q2,
2,85,2019-08-16,13:00,natural,"RM, HW, RG",RG,3,210,3,14,13,76,2.9,NA,NA,NA,T3Q3,
